time,ROI_001,ROI_002,ROI_003,ROI_004,ROI_005,ROI_006,ROI_007,ROI_008,ROI_009,ROI_010,ROI_011,ROI_012,ROI_013,ROI_014,ROI_015,ROI_016,ROI_017,ROI_018,ROI_019,ROI_020,ROI_021,ROI_022,ROI_023,ROI_024,ROI_025,ROI_026,ROI_027,ROI_028,ROI_029,ROI_030,ROI_031,ROI_032,ROI_033,ROI_034,ROI_035,ROI_036,ROI_037,ROI_038,ROI_039,ROI_040,ROI_041,ROI_042,ROI_043,ROI_044,ROI_045,ROI_046,ROI_047,ROI_048,ROI_049,ROI_050,ROI_051,ROI_052,ROI_053,ROI_054,ROI_055,ROI_056,ROI_057,ROI_058,ROI_059,ROI_060
0,0.39646601362359507,0.44837741406494325,1.2749550761175406,0.6174262428097628,0.5493961223616218,-1.1412924092619519,0.7519935494316143,-0.818841475187055,0.9750024964653743,-0.7628111257935782,0.21230486560538925,-0.3452214797566816,0.39576090134170405,-1.4069064766372803,-0.8945376854807149,-0.81403502999374,-0.11812523953820053,0.28453071295000926,-1.1384871502553506,-0.5775109568081842,-1.2332603744709758,-0.07529106470659847,0.2029909274017186,-0.0008450281203997712,-0.705501583245871,0.6598799755816438,-0.5505998710210782,0.7538110472063448,0.1631558031944639,0.5800210008515821,-0.7991240324771587,-1.5892099409694873,0.02003952300258119,0.6884965748358159,0.5941517577960876,0.13174363729911973,-0.12106162340204016,1.0936206933846577,0.22080102991454345,-0.9128961232002202,-0.823675033094722,-0.8315847913113081,1.0964219970848548,0.4917059068228167,0.4691384376205535,-0.13879404506788118,-1.321178411807644,0.8711640437054204,1.2310884282291175,1.328280170137659,0.490823054633099,-1.2987933940282246,1.063452088599264,0.9425265940963599,-0.5878655519198666,-0.719062268520499,0.618378062370939,1.3658228067647444,-0.7872945415355117,0.2146489848788684
1,-0.315130470927214,-0.047465912523763476,0.9830193218802192,-0.0025011576328356627,0.5376629203617648,0.10838126010229734,0.5239269474400046,-0.5685038761905372,1.1209802162528304,-0.13750613145523932,-0.14399949121982378,-0.18226976006002873,0.544373238003194,-0.5054074660886687,-0.7085105161163919,-0.3834702901225884,-0.6035783951698436,0.9585098802729561,-1.297818120169119,-1.2022856102213684,-1.2939458699662971,-0.889929739269677,1.0276175247948653,-1.0370028560614912,-0.22317256750458223,0.7286888969157782,-0.8950590850118242,0.9050077513846888,-0.2278217819646414,0.670169230435551,-0.588384611053672,-0.5358359104316955,0.3996431480548026,0.1120043315084623,-0.12144336083018972,-0.6644944020699572,-0.38413571080447856,0.10771564896594543,0.2762498851744906,-0.6948310743424576,-1.0922905656887618,-0.002386339360496703,1.0313980885565506,0.25944244507981096,1.1915439868797177,-0.08248161730653919,-1.2699285578646418,0.9440597504700619,1.768052947685096,1.2928501150503764,1.357860378105379,-1.208919260235488,0.17984336499813208,1.2997249253321097,-0.1587029907719721,-0.3080007855719596,0.07216049921859063,1.6629787992946041,-1.0919419863621544,-1.14818182874297
2,-0.6563666087250757,-1.029736788929359,0.5209906600108787,-0.6398226442064657,1.0840877607637929,0.44745891660453424,-0.3970530872218424,-0.5696159837288016,0.025981074440889596,0.8364520426631211,-0.7061587567679395,0.10621545082593459,0.8962624589234313,0.30284500387221025,-0.8618956255243913,-0.21754071230455324,-1.361032406716252,0.9877797251425692,-1.1857431969460128,-1.482172961274421,-0.34147631252596844,0.019606933029453155,0.9826554726921278,-0.45685679441122584,0.7365828099730243,0.757098606051774,-0.17448009549197524,0.6312905127394317,-0.6372093763003938,0.5798320280291022,1.1167432634073036,0.8642524984342637,0.9722456080026869,-0.6481154610676586,-1.0033036666843125,-0.7163576951741774,-0.5001053452340244,-0.07185403588997577,0.8636168711544588,-0.675603499206732,-0.5304746335839874,-0.06684157963253871,0.1525526791568772,-0.17875186835491252,0.8729567155905701,-0.22780558018841002,-1.0596426786393942,0.8150805516052833,1.3697407436630389,0.7768022650369326,0.19971403915215669,-0.69274829776229,-0.50052816461877,0.9789739745586353,0.7642444855952875,-0.6622157419573051,0.27602886011430167,0.763725998639047,-0.6317531511092681,-1.665014571752236
3,-0.21706512505382702,0.0340882585207799,-0.08398648696852405,-1.2311777867089837,0.22572321027577208,1.3289038431957396,-0.8545560235605781,-0.45618794078626945,-0.78586747641375,1.4028431545587556,-0.10696182865438113,0.4264384481594916,0.8780592044257507,0.6179373709091478,-0.8120350946086444,0.2919196522898473,-0.7675558742155361,0.6034359939431554,-1.2780663728732098,-0.6142574444488106,0.530539731230725,-0.8321902553957148,1.0883863386003654,-0.2252416560807109,0.9498156588033839,-0.2786421004259823,1.1607496864661098,-0.6044998427785334,-1.4349179860608279,0.32185588875456095,0.96960374510381,1.268913417339059,1.3010652149616329,-0.9137023529673728,-0.7619701379743467,-1.3291411957266743,-0.6110293226732969,-0.6871589133917408,1.2010040207234742,-0.7081423210230932,0.1478820377573533,0.31709730530574665,-0.14686548173523134,-0.3193556540318497,0.320900890740101,0.27879948312938774,-0.5171872904982135,0.9624042656219849,0.8112336284425058,0.29841407014776405,-0.964782174840495,0.028158551770190166,-0.9215255060208148,0.5171565496888086,0.6275083836441018,-0.7908250620572542,-0.023243412820407677,0.06419139028930804,-0.17767344732719495,-0.8972973315190539
4,-0.6964619270815852,0.6204939471924814,-0.9231335387077697,-1.1764133069602831,0.45732905172377236,1.9392730282059245,-1.5262547920698721,-0.2181854963698454,-1.388584043194243,0.07876802907493974,0.2300174978584139,0.35303354131826253,1.4567086447397724,1.047992508702352,-0.38140009139861086,0.5215540368176953,-1.2392026705531785,0.13188715608188586,-0.47695025933972535,0.6193378572367796,0.692329171829242,0.09927059510932496,1.1330025989728614,0.19997124688311868,1.4479645367091225,-0.6121033159838264,1.2997224322655234,-1.289695299930953,-0.9937865834239181,-0.28363326331909233,-0.14074312388845978,0.8322446668021037,0.7021122915374127,-0.3015195421310392,-0.7891352022654516,-0.6634076909016089,-1.411106185924864,-1.010230315588903,1.1559347076807172,-0.8465545555428649,0.7252825960388267,0.2822173000844368,-0.7986098303994943,-0.5119749923001594,-0.6944143035743426,0.7015477701720998,0.1375857595998245,0.3575694584483194,0.18106346850768348,-0.33426627388628355,-1.3776895144634906,0.7815976657178282,-1.1187757177643396,0.046929043563669434,-0.016301395910026106,-0.26469853001287896,-0.04703421364666305,0.03766839310798026,0.3729649676053719,-0.03400727647514504
5,-0.9364626084080071,0.354762214175358,0.17392571858409106,-0.667663881424034,-0.6579891877679143,1.7202707621761484,-0.8540681521171468,0.08635074245951035,-1.059944292428523,0.07672226846726911,0.7174852544129644,0.20411988092098354,1.7272136693111584,-0.02310748453922773,0.4106688936441486,0.7823578769648547,0.7493051393986542,-0.20163352758185776,-0.339679245925265,0.7338492748692278,-0.31774366175260516,0.6075459723596632,0.4806076708947655,-0.3173976170767917,0.8957317197339965,-1.0783419727552257,0.5143072321796767,-0.23514376171085027,-0.9009274424670881,-1.0684639232330748,-0.8574991344380272,-0.6218468277408835,0.2279627713834999,-0.07261623586674903,-0.6911260184370864,-0.38874072197253906,-0.8188244585959534,-0.6915472215948509,1.4427145412169782,-0.052667403996294576,0.822972234650193,0.5406764075877969,-1.3392666643852267,-0.44700696147088737,-0.5451587905632745,0.4910717541248404,0.8891817379983442,0.25502013341518626,-0.5824982220294747,-0.5579845458488707,0.19666558850298033,1.297291574657509,-0.23400017752319863,-1.3773284656545426,-0.6570376166465122,-0.4946528114595087,-0.49968367671732516,-0.8034389977922605,0.7490431309156217,0.17771729266918557
6,-0.8396287023345518,0.40118496018382976,0.02184581031112716,0.41526855107183436,0.018135440016550042,0.5298926717914937,-1.5579958903403412,-0.0850539883561495,0.6355759601886858,-0.20165285433755742,0.5152239579560647,0.7860156179675459,2.0214805698314358,-0.26641212468970354,-0.06878919852241372,0.4130851492618965,0.3176935754206968,-0.8830171122984425,0.3328885671626241,-0.6644798854514153,-1.107272762356141,1.215515035863301,-0.38852866162370886,0.5379114871296302,0.2279759412338156,-1.5563170195842473,-0.5264274901533789,1.0341142766758629,-0.18311094179776213,-0.8510229465196121,-1.0877052344754812,-1.7094304909566982,-0.21907791482840872,0.7010982670328281,0.3502353867205197,-0.21543803659412397,-1.2594181847658628,-0.26579709289198156,0.7115077725171199,-0.05887625345761621,0.8514806250771587,1.1880312034605578,-0.5904414787776958,-1.3863175321840806,0.25164298304610017,0.45584496184343787,0.6355518028385028,0.30260043013550236,-1.1398641630957704,-1.331377726663093,0.8846411931908084,0.25336164334530614,0.2120280478831241,-0.8175557093608933,-1.2168850331932182,-0.14078836202798703,-0.8255671759423316,-1.2267027189805495,1.269044233744017,0.058045924940018326
7,-1.0361681820966766,-0.7092504156401008,0.4811318316577904,0.3695745514670605,-0.5306494176445393,0.18740437177756758,-1.1234093136371426,0.013430579920292063,0.9962729150646464,-1.31192475362985,-0.060399071643586516,-0.23982047993471728,1.5116472706776165,-0.9899677936262709,0.9745479003885684,0.8882199010465008,0.6972649985412895,-1.776353407020053,0.2786450968256056,-1.5634493120811659,-0.25479251723298235,1.1580701379527656,-0.6094285227502997,0.4939656422680593,-0.6395085338588371,-1.102033670582953,-1.2157287979999327,1.622342411381919,0.6720665834915844,-0.29229093638462156,0.21665278451747633,-0.9894937320855484,-1.1144824602417145,0.1368006160422022,0.47881249278225463,0.13223854777927552,-1.197115613624297,0.4930145541789518,0.8412892444962784,0.25016611511519476,-0.7278924799154612,1.4630986020157315,0.11424903568920992,-0.6807951616851684,0.20005438246929252,0.9064553121393809,0.656789227509901,0.23171082230159631,-1.6293132013788238,-1.275399112148766,1.0209816065055648,-0.7328866281430115,0.7755074368582071,-0.8122075657404378,-1.2121021544767865,-0.6487267507825729,-0.7045091555566214,-1.0833937106213314,1.329182558858493,-0.37353686422261767
8,-0.6328849028425538,-1.0290546651627581,0.9806152267255703,-0.20882441587036008,0.5880717765069907,-0.18075140331799353,-0.3623119439273642,-0.11858374235964747,0.7121834146235048,-0.5966157977891124,-0.4795304135252688,-0.5883497092314383,1.4850469726623858,-1.222078813255486,1.413341403791274,0.9436390938668016,0.9038254973548228,-1.587236974523703,1.2442868037129864,-1.2696441298624739,0.3813633197633062,1.1760991909373346,-0.7848311230369507,-0.1882211026288666,-1.0770259311635662,0.05894886780302541,-0.23207045117441516,1.2358674446091251,0.9504676498043965,0.027931822414249182,1.2539610916713377,0.41945398436843284,-0.7068603338781709,-0.7375052919313666,1.751850773258374,0.7847906639140443,-1.0144807083066052,0.9091029434438557,0.4937638148176877,0.33700659254802945,-1.5161003737870675,0.9767246331471533,0.7432898418807422,-1.1131028542418522,0.9114273925232181,1.2114689997854222,1.0842681313621714,-0.5612730099705927,-0.644681798603194,-1.1594788860457856,0.20278775930529497,-1.0917349572572164,0.7618433466519267,0.2810814238737219,-0.08347638093093707,0.4652800543808545,-0.867601726233185,-0.09647435712116473,1.1166261944281948,-0.9793249258054333
9,-0.6734010352544351,-0.4477613539996878,0.9169798052405976,-1.2613265083869687,0.907406993256631,-0.14009059705101284,0.8405866269502645,0.023932104568902685,0.051378497448868826,-0.14326690432452355,-0.35701828984527334,-0.5601196671165865,1.5396215890183165,-0.8598303240172718,1.1782789841238828,0.67244285955277,0.5305108734447834,-0.6817594979507099,0.8168942898567304,-0.30431459464139105,1.0654098473656817,0.3731181887997646,-1.2195251633817055,-0.25745703308986667,-0.8566706811155298,0.7496343881478296,1.2301306152321505,-1.032233140126424,1.3016524116085968,0.5475148422991617,0.7449490680936455,0.9371471927656576,-1.214011796002176,-0.7234355655715695,1.6719556284845922,1.0548406116339513,-0.8990728442010747,1.1530124570549396,-0.29948887789773904,0.4669709949092512,-1.283457172686026,1.3778920665019532,1.6723262990296268,-1.0019871462307794,0.5574938569620101,1.3588488871727404,0.49743671045424653,-0.5248134708878575,0.7517644944963003,-1.5397672557130273,-0.49139099808952963,-1.630547731431437,0.9434075706372962,0.28349942587880195,0.5408555612295487,-0.014229277884867275,-1.185383620076113,0.25020546832698765,1.4113514256040929,-0.9832602780834953
10,0.12869561476861358,0.5953953880639817,0.047235934390490175,-1.7711449561527897,0.31037068709597754,-0.0655901498501025,0.782548942114948,-0.4492675795874392,-0.8341683857803793,0.512192802421259,0.0698355254411905,-1.1448811229878384,2.1114148202783225,-0.7569582947661053,0.1556476751600736,0.8414885322646417,-0.35974470353783117,-0.607362633644463,0.9971622287136301,0.6577404636587829,0.30623353225984695,0.010859509421258962,-0.4361344230938472,-0.31239723379960693,-1.3937631870239575,1.0193668915906042,1.4200603168304222,-1.1376639451736645,1.6365094015364656,0.43953731913561367,-0.2203256181118326,0.8144782668852377,-0.6235181829015155,-0.08513647032324717,1.4166322625539336,1.3912109235885752,-1.0005331052517603,1.19257881830571,-0.09577590800557137,0.487458871762659,0.1951679228665628,1.2303649735347613,1.6542614487019394,-0.9124090305454938,0.7244983964955198,1.659663124669805,-0.3021608807794971,-1.3651400284494934,0.9583526580849393,-1.507288788109136,-1.28491643279778,-1.6663226095532673,-0.18995757289730025,1.7532879245078552,1.350673996226196,0.357565179474545,-1.0701866167347407,0.8865554283298521,1.4014084987594955,-0.6742025716944129
11,-0.25658832255454744,0.5753062480937298,-0.2811529830194625,-1.1487516806009899,0.7000622635137599,0.009028410268656584,1.3153513750212524,0.3554159809803278,-1.4348566961715732,1.4660565198079483,-0.038742315389121706,-0.9814049959475607,1.3970815162069807,0.22372984486316358,0.19918596577347314,0.11715936594448573,-0.8554767892926558,0.09984277083063929,0.08550735248627167,0.18079590098171888,-0.7515276904177363,-0.17123916059394778,-0.25541514241300556,-0.6341118596762833,-0.8584135902779677,0.9388354753156974,0.2736890390033645,-0.1917832173164461,1.2460770560473724,0.4869648055523904,-1.1140811919862614,-0.43783211397599275,-0.2877289101179693,0.12633274629784513,1.3360680039773698,1.2194504807589372,-0.3356124459672101,0.27516234870429923,-0.4515347658231248,-0.8577952318834879,1.3065690389502378,1.1832171780360448,0.01614428939221424,-0.675780702623179,-0.6192524758541506,1.4503823992176914,-0.7870675591081687,-1.3073202735561709,1.2883128238926413,-1.178054552948248,-0.27348223850351217,-1.1308337830030553,-0.2669499901605242,1.614745420838683,0.6125616881381852,0.6552622075515202,-1.13105503548525,1.016133613988139,1.464087666732004,0.07773331911183701
12,0.23867568025022795,0.2109211543835663,-0.40466793150711816,-0.2562797805432733,0.25038442110779746,0.4966527057999385,1.292398846456499,-0.1427166974541736,-0.667801389671374,0.9388908486443648,0.9660966833003148,-0.538364672233299,0.881068519773903,0.9164859422253685,-0.3632089162657803,0.008029962704714483,-1.5029100238948074,0.4537185620117554,-0.08413560302051759,-1.1994397087401434,-1.115829428118905,-0.43982872440141507,0.06122608112227318,-0.12288425615942591,0.25751994661095445,-0.22949537909736356,-0.3804499807253653,0.6037070574381611,1.3637250879876932,-0.057682831205057475,-0.43989670055917474,-0.9123078202386209,0.2160926401395449,0.5378112862369137,0.3209901642501619,0.72250706335214,0.061457682286669923,-1.001419132792883,-0.8997135396734063,-0.657040659499595,0.7274138237947515,0.4887771501220213,-0.018742490938974475,-0.9963744947112043,-0.8247490948416226,1.5600734782831316,-0.9889183709829288,-1.4217693411219687,1.4553344972154456,-0.30037458721347693,0.7970373360320053,0.046344815160480834,-0.5362221325873185,1.030883401454715,0.041436246450606395,1.1727400912073382,-1.0181561861250175,1.4164728050116258,0.5778443206672454,-0.011350274285844952
13,0.7729893498985737,-1.100780121556048,0.346983569483265,0.4218412414613409,-0.21369153987522027,1.4503041309258855,0.27571666753641655,0.21285336895778006,0.6190710590376894,-0.5755358008043965,0.7589395874470234,-0.09382199079115794,1.0978594453572665,0.9015405336604622,-0.8803808060435527,0.29448841704119105,-1.1702269563557757,0.848734495186111,-0.7057388861557039,-1.7560806315716153,0.05125942171218967,-0.03509510422668151,0.43644493577840615,0.37985530938419954,0.7482181936702119,-0.8774286408357014,-0.5028005274412134,1.8648312517861338,0.6659039634715378,-1.107015100660884,0.12171976288988362,-1.4117712606319326,1.3747928986306417,-0.024120399820861366,0.08589666868853721,0.4120404433773908,0.0742682240227195,-0.9716480559439875,-1.1850232059245027,-0.753951763832534,0.21072102746644855,0.5732500395749298,-1.2082068859085593,-0.649007561377553,-0.04594722085636371,1.5216162686928505,-1.381072577532436,-1.3952335881699471,1.4193132571891198,0.11944659902014393,1.3933244210698126,0.8409834229892444,-0.9429111524996527,0.2597291843691254,-1.4194961178336016,0.9155001302884286,-0.5681573656816232,0.6921618683404349,0.37800647735387843,0.20419421300528312
14,0.9140188282486054,-1.1790565104660864,0.5115850401913135,0.5389672023673681,-0.5706252343489261,1.6233171935201518,0.03991883803258456,0.18339178447424262,0.6416697443517674,-1.3499275174811587,-0.2938928071540897,0.11213036456113806,0.7420049796495876,0.5135150925872258,-0.9108607743246929,-0.6820947135120015,-0.10057670425524035,0.7210365166249464,-0.883039291644067,-1.0613023690319334,0.917213437088104,0.7422389064790376,1.2956087390234219,1.0808203070870666,0.9296282472241045,-1.104574953065387,-0.09642342244041324,0.48015008290062633,-0.5962912088724791,-0.803825180231153,1.2048890035270932,-0.291714022573477,0.9778704213099759,-0.23501226391698393,-0.10958017592514602,0.22478481458224514,-0.03929514207835705,-0.7984990772557992,-0.9958756173992198,-1.2476889685102144,-0.5678916195155197,0.15389985512888707,-1.301693873444023,-0.24876854450867997,0.9737181466584351,1.709667194541536,-1.1563870594047294,-1.3211670610519202,0.8742651686491661,0.8080151167264513,0.504986570683492,1.0684106665768083,-0.6658734891189447,-1.0901035720379695,-0.929036583210573,0.6141024223138032,-0.4297562551447036,0.5513099533521597,0.13256714145597193,-0.7749488668884343
15,1.025014015862044,-0.31012062912971466,1.1941551845278535,-0.5944080569413146,-0.33928897038366207,0.9223959961260637,-0.7509282704798623,-0.08091179294476342,1.0025755702653036,-1.4698804389400857,-0.18415794805197783,0.16622645159990254,0.4882857553961113,-0.22639356255466525,-0.6191433247282141,-0.71729964928951,-0.1340170441208635,0.36856976402349484,-1.2453036916819018,-0.1559307153706841,0.917346371349746,1.662609394725468,0.8006932323628568,1.0215860592186305,1.4491771143852519,-0.9264407866386308,0.13187766338395845,-0.5110717393307537,-0.7489622542117188,-0.959492186993241,0.3606741173409042,0.4653998625482316,0.5908166612924557,-0.490133903200689,-0.5429924763827418,-0.5718900344671504,0.7665280686251441,-0.6311633749535484,-1.1370377506983804,-0.621088564174662,-0.9777910548784716,0.07955004686548459,-1.1668182335832784,-0.43888779397024225,1.0977381925131975,1.4548303484373872,-0.5994441282384163,-1.5592173693560807,0.11492616623609334,1.1756899340485298,-0.8586681342032938,0.2565186974220358,0.19187395094196735,-0.6319519552911727,-0.334983176315489,0.9914764593869182,-0.5621680830125748,-0.21225136885527884,-0.3535850577494448,-0.9355730487668665
16,1.1694419178265025,0.5205087151956347,1.1147657223861336,-1.172293650345781,0.038175004411410224,0.1039595132666011,-1.011872979576739,0.14909856602551064,-0.26542360499348916,-0.34211996394922106,-0.2763437344597314,0.8338133245657381,0.5881197321187247,-1.1762122989985921,-0.9863146638960301,-0.7609694252737587,0.7694836098580277,-0.10299422564780425,-1.3393914719138356,0.7304314017423756,-0.21053222262440213,1.112528397400899,0.43086333001525756,-0.35023872522095195,0.9626595560267337,-0.9977603179004155,1.2446746462238374,-0.9426605052187427,-1.194138523485951,-0.7415330879700932,-0.6453809629278612,0.89408511249907,0.2410982783459002,-0.3097237788119709,-0.23770002208553875,-1.126509947287144,0.627950445126491,-0.09129932723274442,-1.4037279073098827,-0.8466614919009442,-1.2207935999576578,-0.549702605283952,0.03435877834115564,-0.11343936477477806,1.0737791468434257,0.8794870913492036,-0.7953293565450475,-1.552055816184362,-0.8038241840976053,1.8373479196299871,-1.204862686456651,-0.7754796916265752,0.5465269482408253,-0.939250834262545,0.815261843739479,0.7500750767492111,-0.489101276761142,-0.473335052533125,-0.7537184310245311,-0.7475868303508983
17,1.6650635716059219,0.6942611608622921,0.8324732927141956,-1.3723532821322728,0.33307908770752737,-0.20016691755750243,-1.5936408173186865,0.18159270526076532,-0.5421606368298888,0.764483563159784,-0.04030957067967572,0.33909979944905827,0.25419189992930247,-1.1676774866918476,-0.2816800247782918,-1.0062719433467748,1.1374038018135448,-0.9566362552365704,-1.9508644252040703,-0.09195223000779137,-1.0108176033283687,0.6274815717047454,-0.07208543070667381,-0.3601148697137832,0.6715785863608582,-0.07791524131712044,0.9950638413995525,-0.3819149456732636,-0.9771750964921573,-0.31370660008693757,-1.1624292840736994,0.10560945270846525,0.2143523947339439,0.1432292167916244,0.08487911590076538,-1.3451802234592527,0.8214593830165368,0.49898730793363066,-0.8959605285917301,-0.8339271524211094,-0.4826556339152174,-0.319095678489526,0.7755483772129577,-0.08288842001689897,-0.24464909453751674,0.41483762477073716,-0.06387965568171698,-1.2877412989064938,-0.9824712069088707,0.9929068994669522,-0.3163524182223937,-1.2741385349309584,0.8132486406858334,0.035610431120836034,0.6547854541320146,0.889534602033913,0.2877807333653751,-0.9280172148903841,-1.1961827108198557,-0.31734177030978894
18,2.084829994667606,0.26705463128280776,0.3034310975783261,-0.26831061361878406,0.8287666743807071,-0.7148261685954127,-1.1685903727972506,0.2599827581259194,-1.5915518924157461,0.7933993946841557,0.4757954435370163,0.3699866619719191,-0.2286609880444183,-0.9424792096787197,0.422573672334689,-1.2274427436545143,1.1780658883388402,-1.1547097611575974,-1.6489354277529933,-1.236374820154239,-0.9408106784066274,-0.09804843906770369,-0.6453842358468692,-0.8111277681712143,-0.2502269545733852,0.6228097279852486,-0.21050008118879765,0.3503748246947793,-0.7168593830189371,0.6452650169958339,-0.31449749326776444,-1.400459376521889,-0.255581283549844,0.4916811952395219,0.3529350812677666,-0.6793761213720386,0.99411905007148,1.382777705521003,-0.842666535818637,-0.1797353918919623,0.8727462587467151,-0.9541260322188816,0.6724666516203124,0.016927444475149992,-0.3202396199436841,0.3753310215338516,0.33582421271179463,-1.0882669057598693,-1.0476018510832263,1.7633445123922982,0.8937004758380431,-2.0018064104682556,0.6291194200898544,0.4063285396135748,0.3588890904226216,0.7499978764243579,0.2693762465401681,-0.4009886210902466,-1.164315024283526,0.6324808064183298
19,1.8202079593200653,-0.8223886365049368,-0.15970984748325426,0.24180094042681266,0.6241539714621815,-0.399902089390545,-1.2139263411732348,0.01072794347766079,-0.32372882977469597,0.7884032778780963,1.1413557290500338,0.19335929818501527,-0.18299875431025733,-0.05551720748516137,0.7359678497033808,-1.1806117011843116,0.7135501076195594,-0.8706724933080665,-0.8845270932906268,-1.5458832877198703,-0.03742500901307641,-0.4114973419800746,-0.7166943839628888,-0.346265144621811,-0.735751449343242,0.8163929202853971,-0.5360223973754237,1.0200947988504667,-0.24333227885328537,0.618995012262264,1.1652449813086705,-0.7869131458590075,-1.0891275064186123,0.02429246097179885,0.9271621746193537,0.16113720070522985,0.5218313642356281,0.9031535814054759,-0.10066123274921868,-0.26391597738419237,1.2287333307189854,-0.49788513507916515,0.9576220988896043,0.14935264870748147,-0.6229527516162534,0.1809501399876461,0.9391006469183323,-0.9849561663808047,-0.6889414353031478,0.9483338703158816,1.1624872591455904,-1.7259367624199828,0.35348182425791463,1.6594897099528576,-0.2124051799092334,0.3330201172880698,0.14415886141922374,-0.39718955988632104,-1.2478198090470296,0.07292035429527499
20,1.2557522733328255,-0.816099689160039,-0.16886829022966754,0.4661712582116167,-0.13618802909566735,0.36677519466615816,-0.14380014387808,-0.42948929588438717,0.8232482305191865,-0.47678714973210934,0.05458156946570389,0.11506757275450652,0.3084093101920472,0.4003383369516541,0.676170566400921,-1.0152636970819864,0.040191552593597385,-0.6443003486736276,-0.5252855353098722,-0.323436443404984,0.8787688204798928,-0.5960429807591834,-1.3768339573101274,-0.4434782737491127,-1.2384488766226172,0.4980431133756485,-0.761571022730335,1.02769019754564,0.30443268311675353,0.702159659330359,1.4630251806725698,-0.3868077860485204,-1.4516190657666797,-0.3343192557618513,1.2456264272667614,-0.023922791751381026,0.6697714122365557,0.5166302811113299,0.21341884857218724,0.09208024699686435,0.3432227851006937,-0.8612687065018153,1.0694238569760244,0.7361566575417751,-0.30642478198943884,0.24245728038606884,1.1026602254039588,-0.4206667956854462,0.24335784460108975,0.5346142470923138,0.4932925988579088,-0.3027994662552477,-0.6271778182842284,0.9716341400650039,-0.8357103020909908,0.6206428103365718,0.1655655366893652,0.6108755225805875,-0.8708416113959965,-0.33769088793010094
21,1.1008019875409996,0.0011611631163965658,0.12139825443557829,-0.861682352975891,-0.3898621122442891,1.012540432034427,0.5663556755841086,-0.397203359521691,1.3392355173565087,-0.4943484202369344,-0.1087736093622235,-0.7890806322652553,-0.5737032707555927,1.218597061037547,0.8504683610558019,-1.43928494795042,-0.9050790326522802,-0.3379585221229796,-0.5464111717651237,1.199118916591768,0.954771776925015,-0.48697641881907433,-1.0308613541839762,0.5507408548515045,-1.4596399433117337,-0.26182942800333514,0.32621040821089897,-0.7142079520827603,0.23420218330089848,-0.257358824697042,0.013816764474887583,-0.07310567684779584,-1.0457306817622516,-0.8566516210552282,1.4443556057105038,0.4611920959689336,-0.431735282200184,-0.605218392238627,0.8553604620663967,0.43087732891759734,-0.5138144812673549,-1.0676128452164546,0.15458839260569215,0.24831012337695302,0.5539636038164963,-0.18516780240333516,0.6394120001640771,-0.36981898850887307,1.2464068068858998,-0.0029396112165569026,-1.2740701767712612,0.34345782123226387,-1.0375437557652354,1.7078364538822042,-1.0723784241632144,-0.04987348054299967,0.8170408268940883,0.5883227867901347,-1.0659069841692677,-1.0424078992712524
22,1.3723482067033594,1.1101827398377964,0.6452288090875471,-1.0202313536127017,-0.45048950384862646,1.315916147009994,1.2311046252259588,-0.44606506576717797,0.4017791761460122,-0.9478854381588874,-0.13470406302618515,-0.5256069864643478,-0.10436040794732207,0.7113071395923919,0.6272973406925737,-0.6652738290123272,-1.3046866474947598,0.28415828568565893,0.28089356687935874,0.6925384714911512,-0.5172202706523313,0.3432239898548821,-0.7884543517390319,0.09416427688710449,-0.49098596239045866,-1.3472464802795154,1.0711074367111935,-1.388384376388257,1.0037621936590861,-0.5797420696970943,-0.9978189947335158,1.1896487257447768,-0.5490695297226503,-0.39594803286685926,1.5831090720500987,0.9159438675679515,-0.7159616618294853,-0.6362345099629769,0.9560083178477788,0.6192642994995593,-0.9292797534287941,-0.4327899464147903,-0.4453519194685357,0.9719306251804677,0.7457151383668985,-0.43766853047637966,0.5167220044239134,0.13608521874546817,1.4788655343188806,-0.0893331563567869,-0.8645942290146214,1.5904610657548783,-0.9984887059263188,0.5463983347468977,-0.28303138695134933,0.11936006111431616,0.854708092858443,1.0629183669359876,-0.6098699800259899,-0.9959714849784126
23,1.1682269257380073,0.6057772561361277,1.037200421492385,-1.596477955691142,-0.29854807331717403,1.4231241226362472,0.8801880203801482,-0.6701884790716561,0.08124049042209328,-0.9074425594965376,-0.06976019186332569,-0.5269411798173376,0.16193486358554032,-0.2519517387667285,0.6057179094507237,-0.2013228342869221,-0.7226160830300594,0.8844587047781196,0.009368777049520827,-0.7953732859029347,-1.4585260564887896,0.8284704264453443,-0.07583255892418103,0.55417247134162,-0.40559741180558423,-1.667629652288412,1.2177142332580626,-0.6406623475007943,1.2064862448528222,-0.9426539479281212,-0.6079728214647049,0.6895653182535708,-0.34008401140187294,0.5618061796315919,0.9582409627213789,1.0508518708107608,-0.6186188615363446,-1.023859444460597,1.3019198882603682,0.1608847616538888,-1.0603503655920912,-0.5576750813982958,-1.3025121802059327,1.0594267396494443,0.9486949709103037,-0.3259199125793603,0.06478227470681308,0.4991873714876311,1.8735879440267693,-1.1427586757862451,-0.3025914057980711,0.7934793507550251,-0.15854735717854107,-0.4244377370636171,0.9433103138545298,0.3217969030801363,0.9936850710355773,0.8411056467158718,-0.5374557649624147,-0.804266481571051
24,1.3767348157967982,-0.07131260230046453,1.0185800171393877,-0.6677560923127567,0.23287085727765308,1.282003756257169,1.1279079502365361,-0.6119362782097626,-1.4045263646302735,-0.04716754652663465,0.21648724909558378,-0.7971208940124288,-0.2852647457393186,-0.6245498892848313,-0.16118725152901636,-0.3062908220954993,-1.0100207883389414,0.5102641364874559,0.6420521416119411,-1.734551058944636,-0.49416669098344673,1.3610208379939068,0.12108959665513103,0.4268131493266521,0.4147275209155852,-1.0113069925148073,0.5379911183423027,0.5793032553761077,1.3482862866003582,-0.9371107361937656,-0.01409006683172434,-0.48871780242149016,0.3118856768220144,0.7561941086364092,0.17602640718334556,1.1554878522605938,-0.8320195069601596,-0.7514811783221731,1.2937608887552636,-0.03251387463336747,-0.7422553137745204,-0.2091160881596059,-0.7192170618500104,0.6895678030681309,0.01796954943077278,-0.6733623765131425,-0.3584176347927841,0.8102537918591328,1.1366337250635876,-1.3439690434084,0.8311888694634005,0.37350267975583046,0.18220705478493218,-0.38997866798806136,0.8627787625057444,-0.10680707614239926,0.9768739933132206,1.1988581075328582,0.30398524452729114,0.2085950291607447
25,0.9182154197532949,-0.6531018610676269,0.2075232634756282,0.08407858298805812,0.20942778143849622,0.6186561698815338,0.5360541828316632,-0.5279494119741566,-1.2448078325283642,0.9941428363896478,0.003721984438192938,-0.614223390126313,-0.08463903031569703,-1.222421494632189,-0.20928083467643083,-0.4715346386435273,-0.18073885142274956,0.8002629081466991,0.8796884202300166,-1.4422336403474108,0.5724319387892565,0.9927446894459682,1.2379495441608643,-0.58346577757707,0.8106090368609787,-0.46365374317259983,-0.5154802676665362,1.3281742079995502,0.5612334399859571,-0.09468175649888455,1.0606887330147214,-1.235807287603552,0.7698671061890534,0.23418782663771984,-0.17831430177912186,0.9366782954490562,-1.3281296521926704,-0.17340058201748126,0.8549317864241177,0.10588040510426944,0.8718335682178026,-0.6309506296320162,-0.06774057302095016,0.8402789166134392,-0.019495760307386978,0.036737508828232845,-1.2323135680805921,0.9004801071737896,0.3308095810576664,-1.5690031558344877,1.2321829539585745,-1.0315664193796241,0.8816752246813824,-0.9809018715544169,0.45535014362862536,-0.7262835051109704,0.9083411653047321,0.42499317054169283,0.36399168137898863,-0.11577275757516864
26,0.5383548154900161,-1.0335248153433685,-0.2003963612535381,0.22436100886680477,1.007138492384068,-0.0577589069371926,-0.1494335495074453,-0.9891437977984301,-0.28440587518720367,0.9482230715827876,0.5782112332011186,-0.3407423940323764,-0.16227622662841568,-1.3779744590729357,-0.8562609727488377,-0.5290733980351775,0.4950987691268496,0.2854360637466084,0.4179060200021479,-0.04201529605745509,0.9641448250430593,0.24818317818669772,1.1511499428732648,0.08731634337241245,1.5270272465075583,0.5167889714648037,-1.008244378812899,0.9494217028249463,0.2080337901250045,0.2413501088775047,0.759184117285549,-1.0782653924187076,1.1061887433037314,-0.5370277141236257,-0.731491519471227,0.5972834336976889,-0.7936820156219335,1.0135114132931915,0.7107251697540553,-0.22674041878683482,0.6467870956519073,0.45333201982836185,0.8066364489770073,0.5774451956463623,-0.4675128999341531,-0.18449399166820216,-0.8655432064260997,0.7505967554881576,-0.19210587430550463,-1.6352346195048146,0.5139226840425287,-1.190580941866335,1.2309840233409302,-0.6759160707223999,-0.45246766181275605,-0.7229611399274156,0.6628809808806742,0.5285162125653688,0.917216127116665,-0.48165052158360067
27,0.18038268764769855,0.33240565082795526,-0.24384095109800005,-0.3682059870943721,0.6591119687929898,-0.42455062441612745,-1.0409096632380168,-1.404681398363279,0.43603224531765583,0.6130730743259458,-0.11066835866895089,0.3396941251639933,-0.18488369056909118,-0.5739320921491031,-0.9832124707932044,-0.11413805712492858,0.8659658031957176,-0.40187115682198804,0.29049745600049576,0.8504514358665146,-0.024238248748541663,0.04682638822143448,0.712035458934796,-0.4455875952808811,1.2741779181694914,0.4277767441835689,-0.42878198486744323,-0.22703532009252847,-0.31553434893642596,0.6065300473163083,-0.27623921193059214,0.19567099089201406,1.0541737917912064,-0.4544554874483104,-0.5259057589115271,0.07190752162079961,-1.254158222632395,0.6062668841169203,0.4222157556751144,-0.8920956207934408,0.516924655808866,-0.001887403071615057,0.7824308491872194,0.6134995957646057,-0.08492059678504156,0.14360515316306216,-1.4071611006674654,1.1592305735244146,-0.3050889777390325,-1.6340033771589912,-0.8526441422360431,-1.6903984965607657,0.3050755522029888,0.4144678972005917,-1.4223060485955399,-0.7235225772656358,1.1159695405344698,-0.5391285062156373,1.2791774273846774,-0.8711625340038684
28,-0.03476089179050487,0.6070801403463046,-0.5490474664907004,-0.964436298330378,0.5651976804496184,-0.4428222643200204,-1.8833151592569466,-0.751130649851877,1.452644092303113,-0.2032810082102325,-0.07172837144494215,0.3543286858502436,0.15727455927314715,0.369884701409301,-0.5968175636531082,0.7163319114211775,1.1976257050866495,-0.649595609330406,0.5868782675671296,-0.14543288914945002,-1.0565795745456528,-0.8190656368906271,0.23254020689157184,-0.11569569565386073,0.5990050207630687,0.321670839623988,0.5577930166962355,-0.490317035666304,-0.16129526449520948,0.5392032255128434,-1.2756711678532793,0.9840034691163894,0.6227564069606052,-0.2663170950312525,-0.0756656527454409,-0.8051173554983638,-0.9509557833731892,1.290376291828729,0.42552808449689233,-1.3617239099772946,-0.5481703984580849,0.4761157555090856,1.7464827614321652,0.2230364446389811,0.7106557176328653,0.16514407955102695,-1.4162542059389993,0.9808485271653323,-1.1218117756039143,-0.8053627748138162,-1.6213301474529516,-0.8095030183663856,-0.21714074446588816,0.9015104040882218,-1.0512923549395103,-0.5327768800470976,1.2025427171220227,-0.5897920355335595,1.8028081760971695,-1.18791619456989
29,0.22311841020412243,0.41452672130898616,0.3981999673292503,-1.1885406964263125,-0.17233387519602966,0.27158621310193953,-1.4936398432037332,-1.4810610230672774,0.6878879216835496,-1.5683157177285887,-0.5124842856800463,0.9326253350969462,0.2913921669350771,0.7503147376655525,-0.19251264962400136,0.18876309820005677,0.1574679820562807,-0.9553707917888145,0.10890521963498098,-0.49481845595774077,-1.1661670495076526,-0.7973574643027943,-0.45235680393363753,0.21069586270310392,-0.003102600175220911,-0.38577641589828066,1.6762975578883572,-0.29043616980141507,-0.6704371325805748,0.5914922911175015,-0.39381411064854477,0.7888464900917188,-0.07564649560344872,0.30569978487840105,0.3053180242281597,-0.9267344495377177,-1.00182871414838,0.6131156095201741,-0.7277486337580897,-0.726196072900839,-1.2317667430860748,0.7792254666813789,0.8354819650329536,0.2603765984791547,1.1648072110990007,1.0274555698239936,-0.3335357790092073,0.3428971436850536,-0.7965263792721373,-0.5854309620376376,-0.3111687968176627,-0.8400266160240939,-0.6894004031484519,2.164248620384962,-0.35459353655076953,-0.8079406866087199,0.10887390779037598,-0.5469502326881572,1.407894381173178,-0.7488671900019465
30,-0.0566745237411419,0.1124759221012138,1.1985394130988474,-1.387177798983254,-0.10052712214570375,0.7548767080651472,-1.4456934747385888,-0.8091558621019085,-0.34719798236612054,-1.0306012706769938,0.049601240165901866,0.11664569830976557,0.2692807837175592,0.8269875728915764,-0.15438851392897365,0.5349228906401926,0.20947600906927855,-0.7105493584847998,-0.3178306394596526,-1.7944603621545965,0.0853116739466395,-0.43672470737822444,-0.7911107608992932,0.1332300135646342,-0.626600103098497,-0.20882979786727396,0.8787170727730498,0.5471212083104989,-1.3610447308087767,-0.5738669591519747,0.8277401313609161,-0.023493292938293872,-1.0158580649575697,0.5617864111091138,0.4067137699321035,-1.0612187194675453,-0.9250675676548155,0.015415850964566012,-0.330055684250641,-0.7935040536274365,-1.3551657522482496,1.6216464997653983,0.5240104329749369,0.3267750925295778,0.7157747844925487,0.7967398601217014,-0.18134681081609674,0.43492242733671055,-0.8620016750259567,0.06352064908641483,0.30575099285884044,0.9087892159293112,-1.0064591096864524,1.5771857565710734,0.3767147028351421,-0.6802598528135704,0.43039505998938865,-0.59624634732821,1.5572258165217132,-0.2546898547934654
31,-0.6125013864574792,-0.9739286189835287,1.3267650265612918,-0.5046579705865377,-0.20317324368972883,1.4555761497403432,-0.8013108528181436,-1.0755890446547176,-0.8328953981755921,-0.453000526435154,0.12158293549088417,0.5173720911940614,0.7637537485929587,1.049605621444143,0.011073859939252417,0.545583359501574,-0.9892163185106231,-1.268122344760985,-1.1125025450548405,-0.7388321416701217,1.0639278862088888,0.35366193161370946,-0.500180439134595,0.5107902782017986,-0.9565335229618819,-1.4824047204211501,-0.31941674941827064,1.3503967882141006,-0.9263618826919862,-0.5035825342270226,1.343253757748379,-1.1864050048636015,-0.9646162030824137,0.6376405931277391,1.5399561637652381,-0.9719892662737099,-0.23029509447529134,-0.73271966201404,-0.6716169046201464,-0.9176490285470893,-0.011210706757727562,1.0742633264971295,-0.5059763925745693,0.043280882051499936,0.11563085265871771,1.3115055767366548,0.4898549025989763,0.36263341578117547,0.239311355058395,0.17302118881753564,0.9522623457885517,1.0951357270095103,-0.5274912592338106,0.8694414125393902,0.8231166958685794,-0.441543936082974,0.06425704611359007,0.2862258388120025,1.0397894626784039,0.12066440129896613
32,-1.0426621195286996,-1.1364954504430507,0.3110188505589041,0.3549423702566817,-0.1472815671978483,1.5522462131973707,0.0609856138738403,-1.1641942479653442,-1.4023812176982613,0.9919053949510341,0.9990981799319258,0.07905066024231011,0.25965316662984855,-0.02906983902925498,0.8170564351252301,0.9489768787582183,-0.7703266080582003,-0.34382396177620034,-1.176156030902338,0.47308662854738764,0.6377911041370321,0.9698019142441069,-0.6511654051794552,0.4696803848201988,-1.5476534938971824,-1.2272697818905793,-1.5549250324348516,0.6189185828973566,-0.009738124062525555,-0.4318012063760194,0.5020798119520217,-1.653304658105512,-0.9124558905111252,-0.30123826286194305,1.4904219791266446,-0.36593575753379814,-0.07002761979762911,-1.0272011159155303,-1.0012933256860146,-0.6721513648076762,0.3549569115706752,0.7835342806217287,-1.0216594044978593,-0.3792401415996753,-1.1070144897983272,1.7247145627528013,0.8767260335393491,-0.27985033970556594,1.048987176546174,1.0301213995503549,0.28146798981027815,0.8380424958907274,-0.28114299913807095,-0.06431914365013475,0.7755225497270957,-0.5366927063289261,0.5935018906438779,0.8050987494782178,0.49481868491773634,-0.29875674421520987
33,-0.9319541790514156,-0.10874080610555065,-0.2591755482842268,-0.08833227842923858,0.4861785482756633,1.4312841484945653,0.6945590856284969,-1.2748270961330708,-0.1540407912733221,0.8751749102671289,0.16266616273287732,-0.5860144082894098,0.8280674645422978,-0.7788351186487708,1.4308042958164486,0.6505437080906016,-0.939346888800795,0.7808958507937889,-1.5658569650283054,0.730013777511275,-0.531334160503234,0.9974949004796279,-0.9530775505703382,-0.012245777476644792,-1.0241602799574283,-1.2906544444180572,-0.43599982331305476,-0.22521748160865704,0.12510216190929707,-1.326870243363802,-0.7424663917965801,-0.5172316277053941,-0.5853458117310901,-0.7174221280190665,1.4109851069859785,0.015860482791784314,0.17971560927904937,-0.8518854547013539,-1.4448265071763855,0.2895667905416036,1.4684526616149445,0.7196352828196286,-0.7022770703302923,-0.6011308096550017,-0.47061359076087295,1.6906155904998068,0.9036659676427877,-0.6902176909241031,0.8084885278949645,1.2411744782573428,-0.29134332738286634,0.19801041813140485,0.4478917388532714,-0.9324404901045751,-0.1475023372188679,-0.08501940482960339,0.1161111547561741,1.0939990898006193,0.8724680129120259,-0.39266815635010865
34,-0.9070051153529793,0.4928826355999536,-0.7843371889748163,-0.6239334018651173,0.6398082280698106,0.8997231830625503,0.7420706532051374,-0.7340266475869472,0.8502276868363466,1.0349893969847284,-0.2537040868187633,-0.34845002799134556,1.063599311545201,-1.4261316240111754,1.0703452342569306,0.6973250128614386,-0.8396920611527932,0.7688000216001238,-1.6562047192567413,-0.442438105817969,-1.342252714930236,0.7772651880202428,-0.9194644549330613,-0.2870999885468048,-0.11686277282930946,-0.2849938980905862,0.618000969329368,-0.9961885075535789,0.8409370959784259,-0.3116129862882696,-0.9775815326560721,0.05652889748336032,-0.8021075431517339,-0.7030212699623207,0.8365959414802729,0.2593963380363045,0.24823955999675643,-0.07740919779653088,-1.1252952238173286,0.23317459329480467,0.7593480765469641,1.2070308312391307,-0.20299889365947338,-0.542284931645082,0.2885229156171554,1.3809024194681374,0.6541758686662408,-0.20772208246234275,0.9375806533766847,1.0091609955339957,-1.1063199749888994,-0.8531148648630508,0.7875260178414659,-0.4695164188336184,-1.5039214519970496,-0.13787341383628504,0.03049155632756828,0.81349329837512,0.5881881768204725,-0.762775337575139
35,-0.7662779310096293,0.9915035045978785,-0.012117521554674326,-1.3444372169247407,0.9414446747571596,-0.21995984453895656,1.0673148402754422,-0.5146872814559988,0.6673781484509942,-0.25928899009396894,-0.8010676508657852,-0.4175747037689351,1.2869166214731629,-0.9270023764173063,1.0856083500588058,0.5025449231148881,-0.11171132134947703,1.3072108055287113,-1.7222022434962294,-1.174470410994445,-0.9089257886129657,0.02535253627613837,0.604858627811541,-0.4461745324666819,-0.2936775277865825,0.6870901015041203,1.1887864554120142,-0.6986070056948973,1.091739626790878,0.2295244522970021,-0.08017557677686564,1.3600871261307992,0.14227243757125677,0.0874519633173092,0.8573389408418688,-0.08768217548815682,0.684015343684456,0.6876021018826356,-0.7227223866232716,-0.2703102645897329,-0.053731253744967296,0.9575057248933576,0.05807943836654711,-0.8352222542712666,1.0130039951995413,1.1627072474693834,0.5095620991165662,-0.6705395844546443,1.325032684198023,1.2508270462161273,-0.7007411094772467,-1.2746626081312649,1.110065439870215,-0.34816912862311505,-1.3319917950329498,0.8182618867732097,-0.22047210872695858,0.7533041230306184,-0.23156404818258544,-0.5784781703168069
36,-0.8081196972008888,0.1845676913721669,0.36246925293094223,-1.1605419419340703,0.4303695465889583,-0.20968164294936617,0.4802312646295352,-0.2876748618176541,0.8611176306037425,-0.8166948652148063,-0.2128956261618819,-1.263782329461046,1.7346466003064762,-0.6750476895888287,0.3838530824489805,-0.3060781344766277,0.4110935645444508,0.6650916466131856,-1.158411160109782,-1.0094110738538307,0.7431107488193847,-0.6193882889885263,0.8207413857100567,-0.3030424905634252,0.6430628798965263,1.3737756983487985,1.0535886888601247,0.6168378111541577,1.1899115272833292,0.39443266617564005,0.7129458625489266,0.8364993409164465,1.1586029887473912,0.7805100351685207,-0.7267617049041553,1.215694430287958,0.9278159997207484,0.8351917543037379,-0.7590461388837145,0.28503937825194187,-1.4025796672385624,0.5268806101289033,0.6508551338979873,-0.9651872244221174,1.015080419648059,1.5618793570196066,-0.4437484419963657,-0.9084475967976862,0.32096858826631103,1.376640148314971,0.8705119602883851,-1.4404428442878894,0.6128505820341954,-0.5279887681587029,-0.6661128069134797,0.45682257185315656,-0.17052809143368886,0.5281413328384074,-0.6069381991241823,-0.2616649140687377
37,-0.3886360803684782,-0.8869617585299484,0.8005966044314838,-0.525523551500305,0.27574406945001584,-0.6316676392866162,0.3345817229785616,-0.3135260416333101,-0.20096822688555005,-1.0825520699817563,0.02591235273061329,-0.6178385680169088,1.2259727419544302,0.5415695975048469,0.45518618624526164,-0.33382602232325415,0.4727420650577067,0.27478180271555375,-0.802584122536325,-0.006435171037325216,0.8120363800601635,-0.8449643028572129,1.1645082033680718,-0.022573059463681266,1.178738750956338,0.3829479685436602,0.09551860049326426,1.2837871863284473,1.2349780571488544,1.1086578923263442,0.8100322334285428,-0.7480546244385087,0.6255946062222086,0.5036286429013818,-0.5503148641182041,1.312002466540092,0.6360705933457964,1.3091732215798038,-0.7328261416118365,0.21938133479952326,-1.1428266292987432,0.6477400745463192,0.9663436476731756,-0.9597736693141763,0.5985221669122672,1.0502082775714305,-0.22939160424942767,-1.3401884948517842,-0.38021585504672323,0.7116350774252446,1.4634573007273666,-0.9560133032730267,-0.08636452269246793,0.9349972913342846,-0.029220777178251944,0.7514285714796098,-0.9481938496273749,-0.2372021914659794,-0.9921873031016423,-0.03918397879107918
38,-0.16954164494734048,-0.6494669515952635,1.1278182409631086,0.18011807859794574,-0.06611624427101481,-0.11904430183801798,-0.5527489478102663,-0.02901086239879419,-1.1507920238869755,-0.9319891579943618,0.46655204614497753,-0.12374102718154067,0.9957272158227457,1.170089597170334,-0.7854008110821173,-0.8734040050668619,1.186935534983242,-0.04810426909991358,-0.7219031375184568,0.7730355093453473,-0.13679832582516155,-0.3760652402571377,0.9310351747329237,-0.14131864000640837,1.4099039349228124,0.05254435000867104,-1.0638275445942367,1.1618307559196868,0.8200759065735597,0.6108304609033597,-0.0008992867282675912,-2.0764227650736253,0.9697329834909364,-0.36281775480419814,-0.392680626952791,1.419543080603406,0.3832188069931814,0.756632474615504,-0.33376953515108126,0.2637848831072227,-0.40290756611987,0.24798404486142922,0.7090411367139472,-1.1851695825853543,0.11237626233303699,1.1902605937351924,-0.7696150885106063,-1.7019945605372784,-0.710120061585791,0.7396068389184838,0.6602982522102507,-0.7030595972572948,-0.18471179894448542,1.7241958253036032,0.9217281459991175,0.7389633847170883,-1.0898501656655761,-0.4906031219935642,-0.8058597901081621,0.2920250417802073
39,-0.21233008422172972,0.693384786058168,0.5488094811656868,0.30901449212621473,-0.6377958473585794,0.8283101115893681,-1.7921683992347126,0.2587862207853189,-1.6192619323609942,0.043545722828000524,0.782305691153844,-0.2250804078457107,1.340881835830397,1.0220491731306807,-0.8190984294504234,-0.5098658594947134,0.41541080794092977,-0.24340839814599113,-0.04053158672018084,0.7466053995302793,-1.0972410269335873,-0.6257201718702161,0.658324409158596,0.2646279829316632,0.7877319478617509,-0.39899005408628097,-0.9498255045544581,0.1638428628482242,-0.02357575001193052,-0.2797084044076624,-0.9377342733390481,-1.2552726887559131,0.7713551381391939,-0.8963964572156903,-0.46947461461450096,0.6213719145218787,0.15825120357203523,0.4165368629115794,0.2684609792016524,-0.31206018207752784,0.3833287030563625,-0.002362033948007363,0.6401121650985372,-1.0055347687764635,-0.3401680669732948,0.7597458134745482,-1.398326212944148,-1.6547915226655026,-1.2242397981626922,0.0643967886112701,-0.7761710784213932,1.1450558960825332,-0.9435973564141903,1.956001792826775,0.9220327421893312,0.5991392107654476,-0.9193807214139849,-0.7045950052672303,-1.428417257477542,-0.49037535138901767
40,-0.3256808385483756,0.8294483101764774,-0.21162821796595005,0.15321813718195337,-0.2362801323135312,1.5950773158291984,-1.4884209923266614,0.06866542887035917,-0.22251125285327283,0.5222843190331803,0.41694704593255544,0.0012446455596931694,1.438391007206216,0.17294428160080355,-1.0476542729837155,-0.8387939703002922,0.298031808130206,-0.9523481566456378,0.42107444250783943,-0.8581676384352676,-1.0243218348495702,0.35018391803309923,0.26531872749978647,0.778973675170132,0.5042475452097561,-1.082122894740934,0.5320402696687361,-1.108996722385762,-0.43797938450467644,-0.7589307528911714,-0.7246287833373709,-0.3721880277626048,0.3147300411161861,-0.9304794094588837,-0.29510493659879733,0.5521622095913512,0.2170266277266143,-0.17623755975039063,0.5642990693254474,-0.5464117646619622,0.8848297317725092,-0.28990136314217835,-0.2854231594685597,-0.5449111936843283,-0.41537147166995736,0.7998130584784844,-1.092737575180735,-1.3634296676967737,-1.1587264099783703,-0.7010524100676174,-1.0635840526726634,0.8489898067527517,-1.0575983587839333,1.0843503285610978,-0.2088283150771164,1.1431329964644352,-0.8245950697116058,-0.5824625716056766,-1.0864365877382043,-1.0397730575285031
41,0.4143475808614818,0.4476265578485387,-0.27789007773185986,-1.039087777781222,0.15410292470266232,1.5343903038918323,-1.7020781115430366,0.17335779241526905,0.7573381383272793,0.8339182010312973,-0.31231537280067484,0.4785849907363381,1.6925597969940265,-0.09896388481718124,-0.7836934599367513,-1.504243558290486,-0.2658362546425925,-1.5133452424605254,0.693683374833831,-1.7827538741667956,-0.3589398210319134,0.7240018794105878,-0.2635199376763053,0.43314968529378484,-0.8728960418292708,-1.32215774893979,1.6447685526358673,-1.3657004337269614,-0.6306859859067193,-1.1068331852718705,0.674668104365217,1.3025841676570438,-0.2112258422618693,-0.019793650782486252,0.5700942291615265,-0.2213902927535834,0.025612742945096967,-0.9556528498984924,0.6379925814293086,-0.894189103980162,1.3019392279146527,-0.2091939473921995,-1.0034089559778272,-0.9783497515939882,-0.4279957838211269,0.7125858307234942,-1.1421637078171103,-0.9994130514431481,-0.28606452804774185,-1.194589168810517,-0.23622867493107017,0.8569531929525656,-0.1618468737568524,0.33753463519567345,-0.5665791406185758,1.0724375583206458,-0.6496643275841741,-0.39735150975112943,-0.9293816033840471,-1.0294262657345103
42,0.6976311496723332,-0.23861848868755484,-0.33844029883793714,-1.1100174669400003,0.814799022131106,1.23581698734333,-1.198637700159841,0.48330631315735395,1.3993669100912063,0.9158424822585207,0.16305090951343099,1.154371074740681,1.2478461521059072,-1.2241820085993882,0.060706900860561075,-1.2217883334695268,-1.09140889875201,-1.0789727487817422,0.31267880292069083,-1.3826131194072966,0.7434208130757618,0.8265590822230151,-1.2976840028063492,0.2698299431359395,-1.4082176478669446,-0.9549890153251437,1.294604379703272,0.3371828959837827,-0.5821398262832709,-0.9446160376142184,1.0856707753690125,0.6227897376224114,-1.2705143147343283,-0.21573983004908714,1.0685458687979255,-0.36478250233562454,-0.18503699431168502,-1.1301076845556637,1.5200349123311083,-1.1335667531074352,-0.3558323464947606,-0.7399923487384233,-1.0007815036408028,-0.8214717230051481,0.7520525052795559,-0.0040034596283479995,-0.8338540032702414,-1.1076085886141518,0.5963265894435388,-1.9364270181931547,0.9167008148271827,0.2834909848428897,0.0730970119611753,-0.5419224435836658,-1.454537862799266,0.8762399281829393,-0.9667469534151611,0.32231079935931506,-0.8979392431882113,-0.5299150619125111
43,1.1650504122829992,-0.5810041083293119,-0.0506941232567828,-1.055186865561957,0.951567215824084,1.0248598648466456,-0.3742084701371478,0.10202092687592092,0.22865488102991083,-0.45789250916603563,-0.5863736692564827,0.4874287524842881,1.281229373909696,-1.34697922239847,0.0699408705956791,-1.4398628399139044,-0.8323191606349862,-0.547036837641404,0.7842684837878162,0.28692533630130673,0.6356267694585841,0.8408846274080612,-1.1792751869131273,0.08734878624510722,-1.4414204767606846,0.3704401954337394,0.3655134231994496,1.4026036087208356,-0.880941500424459,-0.3916397509173164,0.8980913971214958,-0.07920703299062962,-1.2699393389494604,0.5363717355143756,1.1763456195806523,-0.9358355465662132,-0.8756019965630535,-1.066278264683599,1.4791754559686536,-1.168500541568232,-0.6196064667659082,-0.701270987355128,-0.7801553956266642,-0.49795829192304014,1.0534298033005278,-0.15562963249878284,-0.3829004464786578,-1.096323698200138,1.140386072113788,-1.5361071180478605,1.020399655602352,-1.2996167473503961,0.9274777296438267,-1.0828054171830759,-0.5230362392208857,0.5836513689576882,-0.6274281831876335,0.47227147010665765,-0.5860000343266609,0.044509205871584495
44,1.1238706795598385,-0.6227936803732776,0.5156570095883871,-0.37341979636644795,0.39491446998739616,0.09155921805410461,0.4357786832351753,0.8328630667100003,-0.05289416532949623,-0.6555473111127856,0.44685685827744526,0.2945130617102626,0.9311511078592771,-0.6071523721156648,0.7414261936638343,-0.9826484346783497,-0.6032620426603975,0.4970260740255506,0.48978622129730187,0.9795621277262923,-0.5422164631957307,0.06809805708513844,-0.5391860955571672,-0.6011339085928922,-0.8535994227690568,0.348053887650001,-0.8196990357600061,1.2099631114623375,-0.6099651679011147,0.24349446127831761,-0.4721223029408612,-0.8593904010347573,-1.0068471624157336,-0.602949478970408,1.5594828245243482,-1.611121505541226,-0.7792687509034983,-0.05444398356174122,1.2451279173058116,-0.7848689010536513,-0.8983840710370741,-0.8352560637803078,-0.11066732376432879,-0.46835886678578553,0.7796265690665347,-0.49509622877618426,0.5171460079770439,-0.6297301175137343,1.0954069839584557,-1.200481782898137,0.7379354431261775,-2.0314663357337333,0.5964610243900874,-0.26310290735265607,-0.038141844577496004,0.7178747450529409,-0.7135151636902171,1.0441340736207705,0.03925437552053501,-0.007525430406457145
45,1.3879626781191152,0.3047057373301949,1.3422622654155296,0.3704373605691911,0.4571108379921568,-0.6618024422883402,0.6424941020350732,0.14131822108824904,-1.7072798957584938,-1.0673069832131508,0.8291050262668638,0.2776667355311556,1.0602773767217017,0.045544483921493684,0.8306383661295407,-0.9984885818193039,0.13835172557396685,0.13104334339557033,0.298190242811917,0.041753807569040874,-1.4070288354923703,-0.30821841315933,-0.8787616303782215,-0.6729017304618272,-0.8549557144658494,0.9121284123550264,-0.5938515161562958,0.15842862480101788,-0.67351104196358,0.4181965364599466,-0.9799739025395324,-1.1018574515631787,-0.7386410817172694,-1.5209549372045972,1.3340032640811972,-0.8249426471840062,-1.089153940030732,0.5904729876221472,0.990945995030808,-0.699161154990348,-0.28054826212110934,-0.8407524473430951,0.6862901331573557,-0.23267678423512778,-0.3353381283978609,-0.4583603921738663,0.7259801061708548,-0.5924109477630122,2.0364545672709173,-1.3591123460319872,-1.2225137883372883,-1.1149909530270568,-0.1266924956767821,-0.2603576903309731,0.7806434660737175,0.21855611532306934,-0.6921474408975068,1.2632233110411826,0.5285760468024382,0.3523559159571713
46,1.6224410704691636,0.7803151184503856,0.8059263795232136,-0.11822675102025473,-0.6091993482197826,-0.6224571188811168,1.1396068163193918,-0.2282690347350676,-0.9387777964102981,-0.4340908775011785,0.4765887660784219,-0.7415805504875193,1.2578818677223043,0.5786028277044548,1.3431487605232693,-0.9537159987379104,0.5381768087470942,0.7304541089544195,0.2470246988101925,-1.16377936591347,-0.8686847037942709,-0.6699556948724441,0.1704630031772974,-0.8647806879844109,-0.0930542196089037,0.27147564309182104,-0.3897234925651308,-1.0314002021031365,0.4104364127627481,1.150912153063737,-0.03291902053166185,-0.43902093776655027,-0.02616771470953519,-1.0242454530552652,0.9684113816585448,-0.40071632768695076,-1.319898867089793,1.1831093668299468,0.8994739338648655,-0.14207931537836466,-0.15424149082686434,-0.8826362901515314,1.0765149970808143,-0.3128634635461962,-0.8059418091377215,-0.4333795548323355,0.6794448949310015,-0.1044947758309109,0.7233722396491258,-0.5765115895772835,-1.3839863897824045,-0.6909148589945534,-0.04330009778518634,0.6001878390591617,1.050269733947868,-0.05123368011051865,-0.11505205125459819,0.7371138460457339,1.0128908266096597,-0.5210516910021082
47,1.2207411788110185,0.19914427423094183,0.0296715087535539,-0.8030996145221956,-0.9474369339135857,-0.39514499616201987,1.3726058630289872,0.18994517582773704,-0.04969725310114459,0.5288785438603854,0.12032981563647856,-1.3146777078873293,0.37434436863026793,0.8410067571244179,0.8503342719535844,-0.47539382553369847,1.0010921644183997,0.5414223220884571,-0.3515737576943976,-1.2797763593674005,0.0810747563972023,-0.006071195659543449,0.21126205019933803,-0.16428321552001438,0.5700522211674888,-0.23226171692347095,0.58144064243264,-1.0910416536877694,0.9454371604972092,0.46205797843054564,0.26829726453293073,0.48443086231704313,0.2422984953540458,-0.2461832872899654,0.44694051266506307,-0.5062792037547486,-1.452641380778616,1.1631446352786028,0.7673884071175703,0.24064442068286626,1.380959116497611,-0.38299182312451113,1.135413816153233,0.2675413796518255,-0.3908274691656579,-0.5005102931434877,0.9067730280075231,0.10123286920148947,0.5394041138307802,-0.2698785262053158,-0.43523149764983093,0.3344578598476652,-0.9122838776037967,1.4345245793421069,-0.3493121901089256,-0.3918687228393457,-0.40179237396667106,0.6870989414172539,1.1603977819742242,-1.1076010510747711
48,1.2962938522727951,-0.2068057680264695,-0.07879596154333737,-1.1654814788953265,-0.026484838804585187,-0.14912691285198215,0.8062589096683341,0.07844826556406735,0.644481621211284,0.664782158365308,-0.25033090020325155,-1.132309328527789,0.9315918881117919,0.7583276091353813,0.5932077328508432,-0.8182134826905433,1.0966020390114581,0.4249915263442784,-1.2424633975923856,-0.09890334639435139,1.1725402789526713,-0.1257014294581377,0.7890481721998112,-0.05437637491047237,1.4560541094630552,-1.26524038510218,1.3627668818089198,-0.0705305479123696,1.1067868409606265,-0.31316768724264504,1.648259249143395,0.9519008701882017,0.777920712271491,0.2817703443391561,-0.1024618333350962,0.24103101026071375,-0.8500120951303392,0.7702811336990679,0.5357020236743394,0.5858495854054224,0.8942704046978679,-0.310154303153631,1.0693323184489167,0.24385994144300688,0.13139375198805842,-0.3250144063989915,0.3619243521857731,0.5803719435070186,-0.6291017504661872,0.2971940128122324,0.6965130018317642,0.9093888493951543,-1.3856539416535822,1.5647130856903835,-0.5087771294621324,0.1705472844417157,0.36756269975697425,-0.0808259082397128,1.4752714880078592,-1.1107251110282914
49,1.666635849665555,-0.9008151712702243,-0.5797246056226443,-1.7047843329672077,0.10595747202374103,1.0958738141052125,-0.24487763224344916,-0.1479473200107507,0.7559218128299439,0.8638001988460744,-0.6444165312514795,-0.866679907972483,0.22117440806123026,-0.01793468067408735,0.4373462126089974,-0.2683760498781055,0.5760972011989041,0.012773288168754976,-1.2359718564149795,0.3882345907504028,0.6966335246486702,0.8364644590658992,0.9210015129699224,0.1345071949634486,1.2278583975913182,-1.321155525517882,0.8335316235735124,1.1119212271986285,1.3898895386447667,-0.6298882345094183,-0.07148298512132117,0.41778622790493336,1.1972939709525683,0.8069734877909402,-0.3731330182685219,0.7645101265648223,-1.4034642635343322,0.0862352989278402,-0.21343752209472183,0.8852348493186671,-0.029457482292287118,-0.5638682817873759,0.05404085650396763,0.873231108956168,0.6821098861112003,-0.40621059427663986,0.10175513764145966,-0.006612462805385966,-1.3575413468836384,1.2717098056385754,1.1634853171083261,1.2262305983944781,0.10773846835391998,1.1480417346609249,-1.2973372299049728,-0.5151030559050734,0.12608183524269806,-0.6719990182007411,1.0463763526782353,-0.5479012416911573
50,1.2918672733150638,-0.6227561193464204,-0.17654881931502056,-0.7808000953259943,1.0510374502621542,1.3602663510479405,-0.6511051897255016,-0.11694242598814729,0.8846782371855054,0.36681091824748757,-0.07449744758498321,-0.4048547922646491,0.18203466890349038,-0.39227518360504465,-0.5153787612152073,0.7694230314796155,0.534987963012284,-0.5877197076576971,-1.3204502814741825,0.665825328880386,-0.3366629087929481,0.7998735182875536,0.4125706083028794,0.8830308161259515,0.8806277317541514,-1.140598893780406,-0.16899301466056488,1.121697291815866,0.7858613441462641,-1.0159562869853223,-0.7729579971428197,-1.2090604572359496,0.7589312746428261,-0.28188986170674574,-0.6915810045950774,1.2218839488498545,-0.9826744270683192,-0.4311468859370987,-0.5348205545161953,0.4932970450596176,-0.9258584402702905,0.17640794652172576,-0.02032507750720869,0.9841706462434577,0.9412134252905754,0.32870933661191976,-0.553047313276664,1.0328646277876912,-1.028636525994564,1.2490882926199265,0.28826899107097104,0.9438767029237614,-0.5733309022022037,0.6461964457564415,-0.6856575957698933,-0.914143045774134,0.4775320235268451,-0.8990751469296298,0.9065846271763951,0.015239044571093902
51,1.3845791217058792,0.6591486851934513,0.18201789763223764,0.5856647622402955,0.8100572541546067,1.8008438449668847,-1.1538569935183203,-0.3400000768815662,-0.40174970607399324,-0.7323596768204358,0.31943104141770956,-0.319217484786481,-0.15623105995937792,-0.6962092807986737,-0.45794659653001085,0.5609316705457108,-0.7484719961307659,-1.103837948055136,-1.9659207302961998,-0.15275265821312067,-1.1812488861096233,1.01837202302482,-0.5712136953709808,-0.046122343092904666,0.33088700477448535,-0.05463286082962654,-0.4581722190933837,0.007431290391505391,0.9549917940561167,-1.234442322712282,-1.131873819668284,-1.5299215713721097,0.41221653239623235,-0.829031983470501,-0.6563048857446192,1.5251873155732878,-1.0411228016508545,-1.276096573640431,-1.152942609868713,0.04356386425454656,-1.1255885125491862,0.20535928905057382,-1.1805547479783964,1.034785706509978,0.9791403170253503,0.15450892762693857,-1.1496375085712263,0.662706432411522,-1.071578319067895,1.7017761922961403,-0.6271314837730702,-0.11037410729229771,0.7270535678378606,-0.17440112634331417,0.1976491110726217,-0.23719411969440424,0.8672092836956831,-0.5331985500380269,0.9606146719631189,0.3724978099939978
52,1.420332811384369,0.8540736048545825,0.8806685319691356,0.22469489597483788,0.38262620759517896,0.8643643954857861,-1.9784730797419658,-0.6875606192708157,-1.2898478730141658,-1.549023353263836,0.6137933805169068,-0.010708328129987482,0.2776229147924935,-0.8495562912399677,-1.1344381495154177,0.7826253346506143,-0.8377238702109755,-1.0901375351611633,-1.624722893742752,-1.0447343167598164,-0.4673158607986094,0.7235084536444186,-0.5069876361236245,-0.033600717996420226,-0.6672514587715883,0.7089664318887373,-0.8732853952245307,-0.7395798339861019,0.7343601897353382,-0.6765167064241839,0.09924323801287901,-1.0123431543723898,0.011850777420016851,-0.31219593091973374,0.3577988206366274,0.9864938893805197,-0.42740677355418777,-0.4232534740445929,-1.121963772481387,-0.36478764212115933,-0.6506431239754877,0.4780516813050003,-1.2111632157887564,0.6094563051951801,-0.08438849955358188,0.8537094487930865,-1.1821808334790807,0.8692253897296105,-0.13050004087619413,1.6638357821344993,-1.159330950167612,-0.9213832068923584,1.116163195667174,-0.8854036207937657,0.7779655073625537,-0.29447666308028464,0.4026248043988873,-0.7923157733387456,0.7309092524741139,-0.24660106510032592
53,0.3833304653714029,0.725035370909746,1.1038355464465872,-0.47486861568835836,0.054184172808617655,0.2903487533520911,-1.8512426124041743,-0.590241477945167,-1.444705918995172,-0.6690415719129886,0.22280120762733513,0.5050525642520322,0.039950072473809994,-0.6509382103387149,-0.33330151488579,0.9744037573069849,-0.7879439688339831,-0.7477465130415114,-1.1596219565145593,-0.903720170777653,0.9921156032794417,0.2660768757969521,-0.7229221752895595,-0.41985188856987954,-0.6843115226368042,0.5294734713385232,0.9859122208437909,-1.0124318695700525,-0.47332355991365366,0.13379053549982264,1.4101259587113926,0.6019247642186669,-0.41535175981970773,-0.08842694403579394,0.61919806776142,0.4856273697092538,0.20072629760651656,-0.5502303890930531,-1.6724849769448826,-0.40704377342191433,0.20419448853697714,1.1861815682710146,-0.08774998467962111,0.5126229263134834,-0.8746186046085094,0.7191945784763585,-1.379516081249573,1.3295316604507446,0.9252356507542601,1.3534433476097145,-0.34445184112529925,-1.9211647409554935,0.46253990840971926,-1.2922852913597656,0.9791507870155626,-0.9622663402781594,0.9113819580139638,-0.0327702108506427,0.5742277932677925,-1.2607906171989067
54,0.5937893484201766,-0.5918744831990174,1.0117808820967908,-1.3049204082976276,-0.24025812939152916,-0.34502904604789436,-1.1410785526579583,-0.5198758376524425,-0.5529141209907933,0.5046884692218561,-0.15805897113128373,0.3134627099794191,-0.2777621203238131,0.041247002932169236,-0.38113550041675487,1.0881995058510758,-0.9157832166290585,-0.9992720218601132,-0.856895494916655,-0.38119729280345704,0.9984402519669171,-0.5573031781502238,-1.1788343977705287,-0.7112468005778922,-1.3502902001018628,0.982643649616793,1.4986247825224057,0.7259044711043683,-0.4406972146706848,0.8528551264636168,0.9805878428114895,0.8805099518428936,-0.6795441406771578,0.6946965615283873,1.0380917052296952,0.1581261036607644,0.09304241686864988,0.41035923717505035,-1.0465213148582018,-0.8755860516962582,1.1290311967475866,0.745001551165988,0.8049969835620958,1.030742331493915,-0.47056853502796825,1.0456088919267656,-1.1033413133252308,0.9833808147947326,1.300474081058342,1.2488708856121007,0.8182618987636109,-0.9570947395374293,0.08981892608421901,-0.6091376820549338,0.05841348737908894,-0.5270741988448766,1.1433687932887981,0.48517346891671337,0.5211528244971659,-1.2064085373245006
55,0.46053583553976546,-0.9309848196676381,-0.07581619604081968,-1.7806338689435988,-0.020337204692162547,-0.5933199102081542,-0.47422136096705675,-0.684892073820309,0.7923678779066528,0.9222935700364066,-0.2644209701405686,0.4082573269634259,-0.19716380882760356,0.5258225151287238,-0.30912136655916567,0.9245825326683578,-0.04121122662233834,0.145649464961299,-0.27541801917193676,0.6816397004855618,0.08221087125018192,-0.6372062244036955,-1.0921308632611413,-0.2844920555191449,-1.4734218047157828,-0.18091168139962238,1.2681456740266945,1.1032876263803781,-1.0160285589389793,0.820495332775543,0.2908464904353053,0.5889572736181348,-1.0426552098944644,0.5266008180708384,1.2587423408885177,-0.4399624339338871,0.25100309234879814,0.9180076677295852,-0.5251751935105592,-0.5991078751725928,0.7209831876470763,0.9905288623590046,1.248742417184755,0.5556005206899784,0.14369183426256038,0.9573101997141109,-1.042185848170294,0.6270917012639088,1.3686527685625283,0.9041984270042684,0.9525869684693717,-0.5809997324314703,-0.3175012427549311,0.5513167287373741,-0.8175389555718873,-0.7318567143313074,0.8500525012981461,1.474443561848916,-0.31395247543501953,-0.8256893841428008
56,0.013634577501376519,-0.0873904202917776,-0.7353925151298588,-1.1985466434280054,-0.7027770601302394,-0.34041650014652985,0.011414377845404833,-0.5390695207190294,0.768254739940285,1.2357850248678046,-0.42127058942094836,0.6093640866687098,-0.4041115131886995,0.6778135158615951,-0.16607420244963955,0.648810159096024,0.503565657953716,0.30705214173210726,-0.4829913749734919,0.2048596320477192,-1.1631642991101407,-0.6575614388818329,-0.5269115687248906,0.21479486527292307,-0.8798950374748377,-0.776661306207694,-0.33414208360277275,1.4165019600052045,-1.122668494302297,0.17780691737973559,-0.9021158010649581,-0.5285874358657622,-0.8508910155708818,-0.2009964222558171,1.5373905976413964,-0.910197960222493,0.5632074023727545,1.4993651808212334,-0.5551543750683822,-1.0376417952170867,0.5541553129242858,1.2283045534095054,0.8781238498338011,0.48724067811704647,0.7987110807575524,1.5248846642443434,-0.1977587515665132,0.12206320962427708,1.4426023855124126,-0.23941067660297125,-0.06148394017724301,0.27317866436396215,-0.6583674142898124,1.4829137675572357,-0.5319529891099227,-0.4244928506769026,0.3260400018531996,0.7835968813394646,-0.5224314768375576,0.1474864263061589
57,-0.5492702083836778,0.5830811872563785,-0.3519337179054799,-0.24696654842278876,-0.21674488866754654,0.5406159033922477,0.9974884892493997,-0.6179204666559689,0.8612248448928228,0.720691766192211,-0.12998158336175952,-0.16101082483379575,-0.25076009500962804,0.3845695002794375,1.2781583021854548,1.1495358066232957,0.7935696771053796,0.8807242509886837,0.3205884424116894,-0.3971659502038724,-0.7497289763416989,0.39901557343060357,-0.6992020214739574,0.4797467653067216,-0.47657267372919304,-0.9761550903674783,-1.0272663566084617,0.19618155509503366,-1.0557813052333413,-0.2530204607174831,-0.90345007979327,-1.1253500577352138,-0.25834657880632556,-1.1455623068386986,1.329698927672614,-0.5664139425185063,0.967026355419917,0.8862770639412126,-0.49564758169036516,-0.8212644501281905,-0.7404987968995838,1.2632325204640538,0.9618067124621539,0.18900148689680127,1.0715588738514021,1.573148893986176,0.43995304260518164,0.35980460230852085,0.9524820766461896,-0.5398446094536389,-0.46334303291640433,1.0523345465023117,-1.2327434536857946,1.8704216451558036,-0.9408390079058598,-0.6896870504506851,1.0708752583065033,0.7857383408439205,-0.13943373528525493,0.46738792960719466
58,-0.28282167660640917,1.0965471946804288,-0.3151282781428635,0.36649636652905976,0.1404293240525012,0.6394595568791118,1.1042412983234702,-1.097059768882596,-0.4256753130075789,0.004057762945533228,0.3375340279801221,-0.11627849764116516,-0.35469178726259537,-0.5162173075402349,1.078716631951635,0.7612651531157018,1.082228761409534,1.0884686177831377,0.549749049738304,-1.0777229291474413,0.5523672825403019,0.9162817108864866,0.8093523362928494,0.3963201174848462,0.6936892967504368,-1.0948487187596991,-0.8814213734250071,-0.6919808457248509,-0.7708820584857476,-0.5700511637756654,0.25509367828503876,-1.3980755938630027,0.9072239795622355,-0.6729075702046489,0.3551819689679524,-0.9265586154229378,0.6968628211650347,0.3657911235982773,-0.29573145999244166,-0.8572043460577256,-0.9674257384669898,1.5125753842442002,0.19260021292299997,0.1268168892330631,0.4282373662233354,1.4610525741081983,0.7498448018246531,-0.14407746461393486,0.18305068045030032,-1.1263130105551264,-1.0246344296004335,0.6272158638384387,-0.3194039410958623,1.5964331591629588,-0.1507690213590774,0.03982930292419873,0.35923032995274096,1.0844146160245889,-1.2321261208236785,0.022339493596967762
59,-0.650521539253516,-0.22063459206505778,1.063734569566475,0.14447214401846897,0.3163981225999085,1.435683885719801,1.0163827321842847,-0.9911022786413004,-0.7181011933016656,-1.0643454997845354,0.666552071959862,-0.6782198808352504,-0.2449425866690503,-1.0660834907810885,0.9155954111136879,0.22453962629552726,0.6635360943012245,0.20669889719756135,0.47591781669226296,-1.138469811093519,1.1295444504581684,0.6724800737516503,1.2538041361385905,0.0036965930513469525,1.342377685346233,-0.47070042338175944,0.7091982403259335,-1.0041957242723738,0.5505912160333428,-0.8593124091100203,1.8039100329606637,0.0053652512607169234,0.30489797961081816,-0.4305249138878895,-0.02074045269879711,-0.895907765602868,0.5385549547599503,-0.15094024869758127,0.45568436754867453,-0.4293448211528922,-1.117955107345562,0.7048537692620911,-0.37446231024463034,-0.11238655105903494,-0.35112113469440714,1.6674013398898948,0.8151256878957156,-0.41350178527098624,-0.49951493244182865,-1.1318674463164717,-0.39347251280091117,0.7269308907176623,0.2077263003135113,0.8493594187837171,0.5083893189964985,0.5903664138155823,0.5439062277048352,0.33329073036017215,-0.9232457477122207,-0.7787987348268949
60,-0.8685596147798123,-0.8249810809105752,0.9342047532687997,-0.3978613122765649,0.6685245844392508,1.8673905230074515,0.6753920267985372,-0.5125942713172563,-1.3692764375820414,-1.3356151049637828,0.6571944722745338,-1.109812241097927,-0.2678585035160792,-1.126036945642831,1.0030796595127225,0.41920909476441653,0.20729187778823407,-0.39386456529905356,0.7567174811423605,-0.30307708073715545,0.2995349816877232,0.7306436677169695,1.4029541601696598,0.5628435127832637,1.3617289043909868,-0.12645254766781194,1.1586109236831945,-0.1757501351450348,0.6649643563344074,-1.3194685484753568,1.1175499907569333,1.3382394270499511,0.676229693990902,-0.024312677141211325,-0.14995854061750147,-0.2305368682045752,0.27890563576741734,-1.0876891004608435,0.2475619630302785,-0.21773023834073388,-0.06239941496642793,0.8002048062056466,-1.5288538406640242,-0.10122532241127843,-0.28644603547434133,1.5219006746254036,1.2148425860890417,-0.6510403972001692,-0.8034675221260025,-1.504115367961533,0.8378674198021692,-0.2356631209265611,0.0249066413454595,-0.136616329804197,1.0560777751472792,0.12311429488481265,0.44037664564394174,-0.4704038440269892,-0.8952740018651559,-1.1649778475070696
61,-0.8169052313922146,-0.870217270273484,1.28263269508899,-1.2897492135874356,0.3944510002215472,1.039940861028287,0.02415420815609473,-0.7032265009363197,-0.36632522467178735,-0.42407462848277044,-0.08604136634431751,-1.496774561926979,0.3144802119864009,-1.1424939614156546,0.4814871375776848,-0.7702630837299073,-0.5852648675314661,-0.4872640395837996,0.5468706936689937,0.9063170205195922,-0.6768903127523631,-0.096049147327671,1.1411726872932686,-0.5995933735152104,0.9950048516060256,0.5833163413251214,1.4923061534502537,1.0911689816702184,0.9555938712912881,-0.10991662675725852,-0.5634164105344223,0.7477677303230956,1.5774298814486871,0.9319475946932705,-0.7661303165160602,0.09465615081632815,-0.45109880224463555,-1.00970975023849,0.9655214974643008,0.23480258809806126,0.8265797823269881,0.7241080779001687,-1.175073991642104,-0.47569539891331813,-0.7970301132692267,1.4254393129019358,0.5430152759117169,-0.5071489321210997,-1.4006111962323848,-1.656770126295838,1.075875864489232,-1.314038587152858,0.437997352213643,-0.6851632292986549,0.35561953704438404,0.5978636973166536,0.27133915983450424,-1.1563325888942213,-0.7082632705222527,-0.7395356248269677
62,-0.773331230379116,-0.2858966857694355,0.28553561369187314,-1.4417723790421317,-0.5919409562589868,0.6760553475418617,-0.33491847513954387,-0.756343762484774,0.44443768582691606,0.6350171875992188,-0.437294461534089,-0.9494184026678791,0.09202879277439445,-0.2889422350127315,-0.4238877422807714,-0.974117766971704,-0.9189852284071448,-1.3755231552418123,0.1514743242290007,-0.12743717349187406,-0.8770727063312751,0.1872339666049188,0.11277334727367277,-0.7044608929177988,0.48701229293875514,0.8058570949659085,0.5738019193593635,1.2837879691286598,1.3566122547797181,0.41862517792762244,-0.6402613754629616,-0.5946187401471426,0.6525241579340297,-0.32588886764841,-1.1370072711079322,0.5877397842323058,-0.3220243747508398,-0.731633128008457,1.138095568307824,0.4661369668958639,0.932485451258245,0.33462258083845775,-0.6437360359108153,-0.6601884771736043,0.17408089291000564,1.2077622190294446,-0.0419637358352733,-1.3493927567108503,-0.573656237294006,-1.3860520436664285,0.5150854724496385,-1.773119836287241,0.9063930479066538,-0.8443722913846087,-0.4971621173882029,0.7645351557588388,0.4467729523697722,-1.1228856176096187,-1.2759396530344962,-0.14949623721568184
63,-0.7124643676875123,0.45300276966540054,-0.17842378493238834,-0.5758242716915198,-0.38944886108498106,-0.33484565263882476,-1.3774448204506018,-1.0195562999335783,1.128168495040218,0.8713449497343525,-0.08501451569771687,-0.17368973922962358,0.6441319264578392,0.33680937273347694,-0.52358442881498,-0.9498490283257707,-0.36042551347166885,-1.3706191437004451,0.3970415610599532,-1.087830615272712,-0.19577170448619774,-0.5934344575453014,-0.2544131102046455,-1.0038224101583966,-0.3905459712148966,0.9417084339492883,-0.7476211529210929,0.72530798310828,0.2468347656652723,0.725560961118652,-0.4630206549879027,-1.2314340194756006,0.5127393207649816,-0.6718657273510941,-0.6624545383626035,0.7332461854348855,-0.7458989288577295,-0.7377291670040278,0.9315338315720707,0.16629156355376445,0.5047428715326983,0.0555045746556889,0.21622432736658453,-0.6600340954939847,0.8032573037029196,0.5523797026535553,-0.13919149373314987,-1.3935164185789304,0.32204464209666583,-1.1510030940527296,-0.7672130871288607,-1.1007242863964888,-0.1838242991421677,-0.8343973991165401,-1.2582336919827786,0.9190948110631121,-0.18221451695122795,-0.653717353070156,-0.7714270664498988,0.41516805075812674
64,-0.8588009723235228,0.39997905703178727,-0.7135702377745721,0.7727585981702233,0.10828375458110462,-0.6802428727906046,-1.7316677605213455,-1.3387454276583708,0.8166803674840569,0.6924684160979095,0.30988233764475503,-0.10786544069261156,0.14469378237460534,0.6200245499704108,-0.5993345431157111,-1.3918720308002146,-1.2813429781742691,-0.9764450342671338,-0.6715063523825857,-1.306030964569436,0.49618466414381696,-0.6836217950865568,-0.8156385450722368,-0.30067243449968306,-0.8044623923349313,0.2793217084324343,-1.3311232557112807,-0.9645991821074904,1.1151846420212754,0.6440032125548539,0.9830499599990755,-1.3573538003898986,-0.039797480796839396,-0.5272787528981666,0.2740639763385556,0.9859279868646859,-1.0190545244370492,0.8978674495100475,1.052196769885241,0.12653666729549382,-0.9982832947569149,-0.33349244821409735,0.9553511228240409,-0.7441079555042452,0.8846227333648267,0.23273008600239808,-1.0591354731216827,-1.0332751375056226,0.7767025456494464,0.09176746908837308,-0.9906436346295565,-0.27257044226398175,-0.5069214852292793,-0.1820909487406541,-0.9321008854375276,0.681888952024984,-0.4514991134402391,-0.11111565922687153,0.03499561595890194,0.5530708726060783
65,-0.30758902321064624,-0.286207343661297,-0.20179834774638872,0.014919707185991643,-0.0057257510924435505,-0.20140370445285138,-1.3731226602939883,-0.9225743236990803,-0.29663315787824135,0.043750056549169816,0.674622138738286,0.37055212496356227,0.8451062810874488,0.9436393167159767,-0.8012322987322293,-1.8263083612680786,-0.22215345225013025,-0.5715275740042152,-0.9835184447084822,-0.7835559841990215,0.912947167354034,-0.14676087881730795,-1.0975169011244856,-0.003841620076057914,-1.1059824503097118,-0.7848302941523105,-0.27094695588490436,-1.2273536778823078,0.20674113267862018,-0.0019132247189400653,1.0872442833405547,-0.6435312493412112,-0.9690001119416778,0.020327102290783133,0.9771843765540138,1.4564844451464145,-1.2929117635966618,1.043242361370163,0.6652051266070322,0.5166191459094618,-0.995110090167048,-0.7156040568936681,1.4763226015347455,-1.361683338433373,0.3590816849741577,0.9680665710275084,-1.0484483906764417,-1.7807192677167503,1.4542211237437201,0.41513022455095216,-0.611450792911157,0.15052996473483352,-0.986313081986627,0.6375459803077734,-0.13284979483319892,1.3670175691820639,-0.5309648159630834,0.40323255461455043,0.4043361573195883,-0.3611194527072342
66,-0.1115841071090895,-0.8047047358819509,0.49442352490289887,-0.3932174201395043,0.5859674683206368,-0.0580882119667457,-0.6924188141533748,-0.7858686807799937,-1.0465334085785947,-0.7488039739902694,0.14106380247562195,0.3320584918690964,1.654733041314924,0.5757509202744313,-0.26821271912230854,-0.8852761332799506,0.7089685159770605,0.011125840120704847,-0.8169281540796824,0.8448651983547554,-0.03259296978398536,0.14227102963593535,-1.2575823734268836,0.37559411852622426,-1.5725382171391928,-1.4016445580065766,0.6295994826553377,0.2157711498188481,-0.7039081259285183,-0.09652513887692679,0.2731852272191001,1.0735890490500581,-1.2830406254967615,0.580106520285157,1.1589028018768448,0.8076876669446363,-1.5416218443480134,1.180653609059644,0.7211774201551806,-0.25363398488615685,-1.412179213874533,-0.6940319756509852,0.7821585177359363,-1.00650724768442,-0.5884808356155238,0.23903689589892568,-1.5160497371629311,-0.7440852838490994,1.8434649276566442,0.6229024953552497,0.6136984446184641,1.182885792370787,-1.0444826177295237,1.1649682604904181,0.6114959039955438,0.7886887929275718,-0.2625309131030342,0.8642722299757328,0.996305587930951,-1.3190690425544764
67,-0.05581447665179616,-1.1229246492677412,0.5933781598261609,-1.4607017480297622,0.633885216727272,0.8523205986299792,-0.6467385675757227,-0.9265487652330231,-1.147373439871882,-1.0279842830591948,0.28395755141571555,0.256989308337099,1.01386487365918,-0.09960714666585302,-0.6411279731654225,-1.3166431134573031,0.5008264726557043,0.7750341570206767,-1.473448338594432,0.5413343794334636,-1.2432527809654887,0.8226044692163333,-0.8798530573235112,-0.10793362439607823,-1.0470009038905412,-0.9711279424889437,1.389846979547837,1.0388086510131542,-0.9809191281465273,-0.4538873932051417,-0.932217070690159,0.9609648292062867,-1.2077541720291056,0.2298963815436343,1.2558341140318514,0.5371985712433703,-1.2843742806456182,0.913622412643372,0.6058137889558507,-0.3104385095475422,0.10141772784003672,-0.7775871482861434,0.1679608315485479,-1.0128587478473186,-0.7805154504466691,-0.14329131262764355,-1.0303990768136593,-1.2221468868286638,1.176659218657181,0.8379529731265223,1.1036188159788425,1.060087227147543,-0.38743728063056776,1.5370528674532213,1.2052897305778132,0.7869256699918251,-0.7857123692534993,1.168604956403108,0.9170123353880386,-1.2844879458877978
68,0.17522911566821542,0.22872581456371308,0.563191183562145,-1.4015917472810768,0.4275472353903094,1.0882495864956045,0.3502168982334751,-0.201839666494712,-0.42528598198995377,-1.3515862253931248,-0.1643919690454716,0.14417387940725773,1.352188253995159,-1.1626898460576411,-0.2560147721645475,-1.624139457429861,1.083394384567129,1.0314869348523776,-1.623458149866581,0.09338920980338761,-0.8542280333504808,1.304766601998866,-0.1691469772999033,-0.013493382171568924,0.2559177314172496,-1.0630872032989234,0.42360759135847914,1.172799124561215,-0.9767484268974768,-0.942694550760585,-1.432626350762281,0.23893529752702075,-0.5266535775906349,-0.34746321725263307,1.2376010294455773,-0.006847072749242136,-1.1298206035862979,0.49925316813748233,-0.20443383564665074,-1.3148924754481088,1.0623124400269468,-0.9809453700908418,-0.20417307091385734,-0.7798543099809808,-0.23689323657222636,-0.6738916433182565,-0.702160571920142,-1.1890937526053342,0.8694312173109675,1.527617160960814,1.0722991775748028,0.6297749467194331,0.057628145388915225,1.0735799985593988,0.8579257318582122,0.42408243800761697,-0.6667121275976481,1.1764520500354472,1.09091892168431,-1.0919695693796951
69,0.2435482076225733,1.027350441997109,0.6046536259979566,-0.7327932039136864,0.3115071664787596,1.4438804810218628,0.9711407007864719,0.14175162984873443,1.1045912841783547,0.11452892410539775,-0.3958306173612983,-0.24886420967205286,1.417896584184349,-1.400940619843425,0.6615676846385935,-1.0990906580500104,0.34384102066951444,0.9285107089954918,-1.8315168893893237,-1.5283737468713343,-0.18201740395485091,0.9950668174632917,0.1895557627409103,-0.2224947496929096,0.7450331009116087,0.25731004541763514,-0.9463369743400413,0.16422836504664756,-0.9026529731362366,-0.8188482287131201,0.08405558699512983,-0.8975501667977167,-0.5410984362841357,-0.4810720982870259,0.6109305179811442,-0.6120548556930004,-0.9088237096799621,-0.28426396786642366,-0.7078918292072105,-0.7829592026882364,1.042085481898118,-0.8464207896406363,-1.0282907115694377,-0.6668677035376664,-0.04308732161301493,-0.27225044826894657,0.165749723310888,-1.011086748834402,0.22193866775650029,1.1167292376579472,-0.052409381929366505,-0.5579396344075032,0.7840567037621067,0.49664899015989183,-0.3995231278892584,0.9378745559581622,-0.5387130349424849,0.8148830708293332,1.130106049031029,-0.07071764857988216
70,1.1388899054642723,0.07966831184770751,-0.18804983160516134,-0.292709791719884,-0.3420348677716434,1.0957224227503062,1.0355092734825222,-0.18278558495805408,0.8611247107931236,1.1454498854932942,0.13477935357518772,0.24860859885039605,1.257690110597116,-0.7551462425115797,1.1189085552469482,-0.9037620930811248,0.20941478952051673,0.3747031644917799,-0.9441214375667637,-1.525857312616689,0.9075188562537775,0.4741839467741642,0.2410525900578474,-0.37213659411085875,0.9648234117284148,0.7316182441064218,-0.9615908991331614,-0.5306054189318452,-0.9978251264060685,-0.37374302551457894,0.8668491634356683,-1.681236742100318,0.3459620209758094,-1.3269931687532646,0.27801237979158117,-0.7525667046828856,-0.9209629113777025,-1.0701632193968151,-0.4140988882387923,-0.8309560368223251,0.6610042378213472,-0.9012740871201692,-1.1217477478371192,-1.1787249862725893,0.3580139613587032,-0.6354091616419255,0.3069063725382681,-0.61635864344687,-0.5091832849832048,1.5635641958252118,-1.139460944647165,-1.5525825143379997,0.5344294424142879,-0.16290002253382935,-0.9736628937503022,0.621044979050309,-1.1593657650497025,0.7980819537965146,1.7472620183102079,0.40555887454382916
71,1.3833432389919982,-0.11617882005756122,-0.12652384430634467,0.12603948287069305,-0.9161742083717763,1.0973612762626797,0.7197231195830764,-0.11532543568305663,0.6999213101423344,1.0298805653606131,0.47416660489809703,-0.26989475013608144,1.3474989378240656,-0.18170723806241615,1.4352196018405015,-0.39095508571127346,-0.5726958620246394,-0.12503402615546347,-1.2141302858680278,-0.25256953662163995,0.47640815395012914,-0.5450951538224179,0.5155310277173508,-0.9058648268261879,1.3754799400414939,0.8652948470869061,-0.20021274745589568,-1.4587774153429705,-0.4863487201264981,0.2189134180384477,0.9303161890371241,-1.3771950503126424,0.8489587418777431,-0.44187772232030165,0.09263321215166337,-1.2269622284404478,-0.37427530170407736,-1.0349424096888018,-0.7730640968412609,-1.1612565208978758,-0.5686840253820771,-0.29065455663544437,-0.6958497303452081,-0.9902225613921947,1.3981073975604053,-0.43097624552943525,0.6422540659770607,-0.02211674778242942,-1.1678179064310323,1.2184160826371513,-0.5716429420138791,-1.5362458405513848,0.05574900087557605,-0.6833130743692306,-1.640800621622272,-0.08022344377876406,-1.157998726930496,-0.7158153692354249,1.1026527995380033,0.3923524924240856
72,1.3957113176538423,-1.1377746207372126,-0.6529093136771911,-0.31981400473534577,0.0866785281237355,0.08427248440528018,0.5468192086448832,0.1554034412663549,-0.05211995198427305,0.8156986888794829,0.6020020204168586,-0.7346206158536478,1.7002928806948152,0.5690769166822677,0.6522142722946684,-0.27474007366680364,-1.171965212350663,-0.5993617718792731,-0.4137005255613479,1.1054015121439764,-1.313850969286872,-0.8178965617976217,0.963218736342874,-0.861568873370068,1.2147515175379078,0.2970710631892959,0.7431778760170943,-0.03208896105211084,0.07332363139704345,0.6839330579008486,-0.06480170125518821,0.19522899774374664,0.9932653966459609,0.12310853843866565,-0.7781129438573897,-0.9041662135778574,-0.30741966348775923,-0.1786129388153288,-1.3558615887172931,-0.8749398906055004,-0.7493084472868408,-0.6356718092673921,0.2103501912797728,-0.27591700516835327,0.550500482506745,-0.2742363324249191,1.2917422434565398,-0.15111008497883424,-0.6765205667801915,1.0684594941281749,0.4740540853520019,-1.0404043933995337,0.25311015587254077,-0.7288281565321348,-0.16221714975628343,-0.04906544077684996,-0.8333544393498266,-0.39776719835283475,1.124671949050092,-0.43291177046864193
73,0.7808292382419171,-0.9473752936553874,0.20019764853441924,-0.9450577580478914,-0.027428528617649592,-0.5514085743999885,0.03950645950565898,0.45166791667525075,-0.6973823966309549,-0.6150069643305924,0.7613003286605883,-1.112644448375679,1.408634054965344,1.0201361468055068,0.23450965423439052,-0.020776170079399137,-1.4055931137469129,-1.0888535878770598,-0.5056090536750616,0.3043973476406936,-1.0465855503403283,-0.25459778851329595,1.3248413138796669,-0.23885901153741293,0.36554632852021496,-0.03974235578545357,1.194378674285491,0.2639141976988725,0.5346720834140781,0.794914906448544,-0.6615307899199196,0.8913944650115607,1.5662141699949197,0.5512589473040275,-0.6932360110277141,-0.8292277633293154,-0.26817797008268407,-0.07302044099096627,-1.1229159454770146,-0.8608385324706915,-0.9256568470839679,-0.06481360607736858,1.1842410401993029,-0.43021038117350574,-0.24903107249884987,0.37432080149343744,0.7844274798363247,0.26776489721678887,-0.2949038050873294,0.28071748259622625,0.9884363236800592,-0.49348892841844416,-0.7125549364259302,-0.3367856682153204,0.4327793787023562,-0.4020694905346263,-0.29058263473905915,-1.0399427563969665,0.9629729912556955,-0.9441459706820026
74,1.4087008998779498,0.14142478066803527,0.5666449265878932,-1.491241600884094,0.4452450714658893,-0.6778965369202363,-0.5436582069332776,0.6001592397307499,-1.2373658678826194,-1.2244813650049184,0.17695574769828576,-0.9914221075975069,1.549776786053014,0.4819722755815259,0.5462982699391635,0.12198490357217653,-0.2888776084587096,-1.1714937799457112,0.39989590489093574,-1.2498051669232328,-0.8990185021201627,0.10992134219298155,-0.42356317834195356,0.40832356808883336,0.2652951341548824,-1.2157336004165291,0.6977465759371179,1.3112418034952706,1.1308742111229626,-0.15210440447524304,-0.49367091993501194,0.2540956881869604,0.4960588139710165,-0.41673481316540106,-0.6132372665508078,-0.26812243858160645,0.3046060358146149,1.2750392395617824,-0.5984972367717559,-0.2594268687137454,-0.4127924159857216,0.25946099518964694,1.15506633392169,0.2859049341574762,-1.2293740415803835,0.47385810915282617,0.6121256677398859,0.3290579910419776,0.1980024256090742,-0.4995383684346743,0.17423687771702445,0.5845145176112005,-0.8735064850574751,0.8328788471952829,0.9628695975381653,0.009318799456964483,-0.9367060189623533,-0.7500005746805141,0.6780742357829348,-0.8849323596782599
75,1.4708733775824259,0.8395569969596883,1.0589084532742061,-0.7722918764081286,0.4735307147464493,0.04388246558954986,-1.2954140261948783,0.6332036431141053,-0.13265058165303234,-1.395216433296561,-0.30746347628677134,-0.762124734608294,1.7851108026834088,0.15409912391859426,-0.42895075993319054,0.39796727984723557,-0.40956186017192076,-1.2004873361048953,0.7769874626254967,-1.5861833859539864,-0.0036026438200119637,0.8755236478888712,-0.4637841578824445,0.09927971231466903,-0.5327603893206994,-1.340275593207949,-0.5889015845894029,0.7355705375004656,1.3907015583663505,-0.1381779944326469,0.383979144443051,-0.5354114289349232,0.4370833031345892,-0.6047259169273318,0.21872842449429064,0.14737496387802174,0.1362631149676066,1.410976970487741,-1.273759608641698,0.1798338878835753,1.052411424306366,-0.01429984885274363,0.8234115792051445,0.31087629893484,-0.20106401831829762,0.8502823571311857,-0.20540554595174704,0.8609421050183315,1.0049191280703278,-0.7121585633622054,-0.6082743540349003,1.0646481300961546,-0.9582545672751372,1.5662671907600958,0.7975346375170844,-0.7016619405148226,-0.290491527935985,-0.13100213844397543,-0.10708845351663354,0.0970505747323257
76,1.6175584837377028,0.5217841489327102,1.0463334327864953,-0.08353494200548012,0.17116223701401356,0.7824348425555484,-1.6651857456930472,-0.036215872552961104,1.0482270023502618,-0.555783777059319,-0.25889023471052264,-0.33801812203744014,1.2826063463547976,-0.948772578063384,-0.23411371566238387,0.5379177450863748,0.46482475235269666,-0.57401020840141,0.485831218428892,-0.9376563547490225,1.4247953526986057,1.0785395019817077,-1.067251578823081,0.6748026848649873,-1.2251505446542037,-1.3066604699414681,-1.2444224542343456,-0.5856718596837073,1.3792165367581712,-0.4941870593224634,1.415931594365699,-1.2611912656600732,-0.6961793751675764,-1.1015469595877625,0.6096085859423973,0.47289307827326277,0.1551221949706047,0.5949918326961496,-0.02932179950359437,0.591387543027662,1.2780159739372612,0.24235563472929555,0.994729694494519,0.14936938639525585,0.6806983253231891,0.3834947061286337,-0.00696625739630341,0.8567390154074286,1.6340624696038473,-1.1176988902559826,-1.2393008744310292,0.6015017807114919,0.2340737319298693,1.4706710592831878,0.07568832754399041,-0.4182393328081858,-0.4887068035896599,0.419163453792142,-0.20547382690440597,0.6898510773034898
77,2.0138409458692985,-0.015677597458626236,0.05799452091516322,0.05265327405424941,0.03378947796256854,1.0372805448202753,-1.3780257050677243,0.2095675968221413,1.071685309088583,0.26249638773979145,0.013069002455884902,0.33564009735549527,1.3463930518583644,-1.2898766832572812,-0.39907039702983627,0.3325261654641771,0.4195568578110255,0.20940616830340655,0.8089409590085173,0.25188577816242286,0.5278800439772542,1.123748117700928,-1.2666865809125574,0.25118611255053686,-1.0226791962638666,-0.3912593280479709,-0.8926810723535854,-0.5352908305690712,0.63347263454938,-0.9589383565742463,0.6283728922081238,-1.0176758569571627,-0.9905505283444359,-0.24990278705980534,1.3764562450976419,1.1040893413655581,0.48491139176544445,0.20548082770558873,-0.6200932477411254,0.4711575925988886,0.50700777232123,0.4768831399202089,0.159841232543861,0.21146150678533204,0.7814261840104519,0.44821518084382406,-1.2135518728488432,1.177223079124043,1.2104655506214903,-1.0928317334888034,-0.625923697509642,-0.4570965991671694,0.2698589137569768,1.295926014990547,-0.6561113895373241,-0.3240079596054581,0.029561188260300575,0.9866633085896713,-1.11446507541297,0.17246676619382947
78,1.35701097613029,-0.8049287266033118,-0.29946984997997983,-0.08382975614938198,-0.36368248777517675,1.4761238319246033,-1.0085235576767468,0.1583192437617276,0.7212112743640148,1.0851906296875355,1.0266609221215786,-0.16844238459678834,1.3769266791811328,-1.2593726645414418,-1.23008076009702,0.6098509941913334,1.034353538406233,0.8257358799519781,0.4301883913589131,0.19165725166246772,-0.7842315673179655,0.1975054230901132,-1.0874377477224926,-0.2803770116720806,-1.4137056441283138,0.07127080658225932,0.35141299453531644,-0.6160217942168291,-0.002316106768501691,-0.4816341819508425,-0.7302796351566987,-0.04133964309508578,-0.8021164294951725,0.6056897320388728,1.2199643702073564,1.0752844394832564,0.4353950290068618,-0.2517406489362484,0.3282826829042095,0.11927127123542722,-0.12367688831630211,1.0937319033772332,-0.5342819313761706,1.1675349656736773,1.0039675993188009,0.9678255291112445,-0.9435335902364295,0.9842679375882771,1.4581009573870594,-1.4054311770279915,0.4182776853719481,-0.4288666945398705,0.4695741323522913,0.6325700821758772,-0.7868013557983864,-0.7219738560455928,0.41601251604913236,1.1841305170234797,-0.6635261884498946,-0.3248956609504431
79,1.272216487576526,-1.077788475060177,-0.103297266350945,-0.6329895318160177,0.0391869419968921,1.5399444823485464,-0.20088493838425897,0.09049620225812045,-0.20760454215911173,0.9548341030442205,0.44697445384622286,0.10683561709045253,0.572457647515648,-0.7285564202532584,-0.5134187461956699,1.121118056818205,0.6562008514352251,0.48711534341760454,0.1775362962652874,-0.03572654865331068,-1.036521516703282,0.2578711500642856,-0.8533298660639206,-0.42841610290749293,-0.770081397290159,0.4467899356455004,1.4078006981497035,0.685113458035355,-0.6099163481382419,-0.49456728530132654,-1.0149620553346828,1.145834774602174,-0.7578769937620822,0.46026738960812363,1.331228157714283,0.8652961037509309,0.20116025065881032,-1.3799848870051266,0.8116463018040898,0.3003604483626339,-0.9990012310064594,1.4010642116097771,-0.9179690307750892,0.5234136289284913,0.23097523702498712,1.4413383602284058,-1.6574279477934144,1.10119588397756,0.7725598462294627,-1.8165321614776644,1.1944763073993043,-1.2527653323588366,0.997896947411837,-0.3661499953932188,-0.6295687136880012,-0.5608662330443974,0.23280895864640663,0.9421074558145377,-1.38849518371933,-1.0639839806626512
80,1.329783102882962,0.41023127000491477,-0.32219844850537366,-1.2654562837831485,-0.3454991043949389,1.032052201463785,0.5160472981041749,-0.18427868053160798,-0.9694812195238662,0.09152831902373858,0.2829709817298119,0.9432904203676404,0.7734702934169121,-0.10412599539553805,-0.31241955616959516,1.07784970266614,-0.4290362656131139,0.6942876161452054,-0.14837150232808535,-1.1379024502896287,0.0361246418300199,-0.35940030419562136,-0.007988320184602049,-0.860648401378944,-0.3688492527016093,0.4958527339249851,1.1786545982350478,1.2348332679638163,-1.1777056010198572,0.32489474837212157,-0.7195656366943146,0.8754954773071002,-0.5704050096158632,0.33103901551485226,1.3438300522654283,1.0658286688161402,0.23403424404643774,-0.8328595380818467,0.8382876189480372,0.028576551052194865,-1.0038544114323398,1.2965327713177506,-0.9967110183395967,0.5125581001461248,-0.22759719257768046,1.6818321547161497,-0.5414256505781102,0.7326431572192901,0.0704297867124489,-1.0515472961842252,0.5605598657931932,-1.4699779447640786,0.5101265783171808,-0.9225564342004191,0.3326720876040964,-0.7048921478433664,0.7596531769244255,1.0030136533962297,-1.09487161926148,-1.0825693097178382
81,0.6264439903901123,0.8183833655841275,0.2169781150688396,-1.5519749873866455,-0.07195555642961975,0.12211219835779769,0.9090176267856278,-0.58766489011567,-1.1526063829923288,-0.527238967005267,0.16548871284317224,0.8302395744002304,0.3989707322669993,0.6334187816376169,0.3466963802583652,0.5482031359882655,0.01196461727240028,0.2633442592466879,-0.4489204788437995,-1.822439466855009,0.5456034066122346,-0.4576835209792016,0.3386242872395872,-0.7143494853974037,0.966104226925164,0.03585806649618967,-0.14680561138222792,0.9125194161734707,-0.5743517712684236,1.0725552566860903,1.293644196631552,0.21257293946724148,-0.22707133477094946,-1.0241656767392286,0.6999560893187374,0.29914452479989284,0.36649363092084536,-0.8327352564733291,1.1848152495771322,-0.44875156141709316,0.21711856330594043,1.3865450774449024,-0.18247947631659078,1.1011165972254322,-0.4899251243837297,2.0047920885048587,-0.79261351033615,0.5608903962500152,-0.3695068689464605,-0.5031014483770679,-0.7183456312554533,-1.3600569043858932,-0.3602950379363847,-1.0874949225544783,0.881772383072598,-0.921134439422709,0.6285168945495062,0.1120110033847182,-1.5128558528126372,-0.3773959652161702
82,0.5086488228885201,0.7587117027979697,1.1441121453624918,-0.39166746562000876,-0.13572020176184152,0.06610039240049786,0.9069173217500593,0.1817953065978414,-0.1015618619239477,-1.5927492747546907,-0.18701672615446308,0.07661007640701858,0.32203883565128466,0.46089111542914085,0.8959353892343902,0.17648226746844023,-0.8303008990329679,-0.4913018175383235,-0.9573138858658374,-0.8156140584356739,0.8945054517816913,-0.31399668154131943,1.1599992112122328,-0.014812606059930511,0.9781053090841288,-0.30632853578368546,-0.9580609392487867,-0.5182499457396185,-1.1879063991471959,1.0262265856645958,1.0847187984456255,-1.0192935865898773,0.9644114087430938,-0.338188320445913,0.4666170940190192,0.13984836989679938,-0.039379875246678187,-0.16402822084118573,1.3189225283398764,-0.7848822555179259,0.949790512397025,0.7707287730671012,0.42602355580338747,0.5909300802001459,-0.5300240261046976,1.6658068880719714,-0.01272948624414269,0.051282800747806556,-0.8732956315808642,-0.6480951041056038,-1.1207505054429663,0.12444481654929557,-0.906140217468203,-0.047865292509512325,1.0546428502173186,-0.7504513609947985,0.7969002978533013,-0.36071201781905904,-0.7188923403080222,0.19187696953304018
83,-0.12827302908242086,-0.4590990599075979,1.2748915387319786,-0.07396305049823776,0.7184991097866804,-0.04865922426512104,0.8896156958024366,0.189525624422971,1.0872602624165668,-1.333207596536919,0.17447118304096237,-0.32969948930830556,0.3103723788413464,0.2867097851327452,1.1849234138436573,-0.41428336904178065,-1.116073816495966,-0.6645387448384475,-0.8278198194256379,0.44328163087870875,-0.16465094533040622,0.4193239527867798,0.9359260205071175,0.0003518515105127018,0.6317094787053743,-0.9560592197107153,-1.153994786761871,-0.6245015879053637,-0.37117360583554027,0.40133409140030596,0.7270463843416578,-1.5277172476393401,0.7173822753201701,-0.619258201985443,-0.5203544429522827,-0.41328180928540525,-0.494285062790753,0.6679737628863949,1.037133950076835,-0.739685631402766,1.1925011005331598,1.2884966649313143,1.0976368583621063,0.0024830490557504747,0.44813398485439754,1.562685023327528,-0.22621633848707717,-0.19940859394075985,-0.9895981144234417,0.19687459514143918,-0.7746061734086688,-0.013196717880789799,-0.6369924511467782,0.20313856691554155,0.1266683087894029,-0.24577405224667329,0.2942972200426166,-0.8498601729575805,-0.38972256013403017,0.7899908435962084
84,0.185216944936147,-0.5544628722764986,0.8404065526880267,0.32718794656888883,0.9541510261258801,-0.5142426910884622,0.3189188046666948,-0.38723233868541485,0.8859063249649483,-0.1361992901938307,-0.12856925753350168,-0.6200913602684399,-0.13272072255750741,0.3018741354349317,1.1427606745749734,-0.4866568953508575,-0.4033571543398366,-1.194522135872985,-1.8389510510098046,0.7437353623635802,-1.6044651196043558,0.39955415220240814,0.644432811189342,0.3187716528491995,0.4344290733209686,-1.3867640576716445,0.008827694727762944,-0.42304276289943377,-0.5194410256647821,-0.7328324487784821,-0.5918454364466808,-0.6744372589028326,0.7719613991138597,0.43047392695323583,-0.44955459188523794,-0.8076460387540577,-0.43069123819509886,1.4367931231959452,1.0632414191835557,-0.9415047982963433,0.5050361199738438,0.39444520697966445,1.2906724471537416,0.44308968909644963,0.9914308433400211,1.5138241740685714,0.7163828443306645,-0.02109916247289373,-0.5975598976001967,1.3314258681669764,0.5701826529045748,1.6405081335633993,-0.8296283161710427,1.0550979705005472,-0.9931564178745028,-0.13795557929256466,1.4108103630647748,-0.9739545734417344,-0.22051153204947999,0.19480170899962063
85,-0.433681957754025,-0.19407946346645366,-0.23712050615660848,-0.2122646552701387,0.40407133791720534,0.36833075908475293,-0.07043470061839358,-0.7591204017615021,0.9085284670930851,0.8792251002921586,0.2889478613883652,-0.9172795981978057,-0.24717524068348412,-0.8465877349068638,1.0733571371397397,-0.692735273203152,-0.3377610359890671,-1.0571200982563522,-2.2536475162945324,-0.37662180237020343,-0.7117249325868972,0.7972423500835433,-0.0218950896063006,0.6634757994941296,0.9183489362878716,-1.313958320842733,1.1490576868924576,0.709346984583395,-0.022378477588078538,-0.8243412075159752,-0.7323517938972433,0.5415689368472484,1.0414171237362673,0.35534211833681434,-0.4246182616205291,-1.1600623432916801,-0.9718782980972666,1.3085831928573735,0.6218520923354555,-1.1222274976396662,-0.1999750791147425,0.6870326765991214,0.01884637653218446,-0.2963821853480596,0.7958672808695337,1.4407731633818952,0.8986349500752464,-0.7459733860681321,-0.0381960021271085,1.6080036752196452,0.9229514135512731,0.9810585798616083,-0.009055694740214865,1.8672599307802635,-1.3689495523081252,0.10349997942088479,1.1348576164709876,-0.8012321625477357,-0.055014496912000735,-0.8119828903701696
86,-0.907537941507285,0.6442554871235995,-0.8502423012829996,-0.9252802151706847,0.11680829225684897,1.06481504953126,-0.5376108976070497,-0.31169311283583806,-0.31954266157701283,1.3346354191437757,0.5752767713308532,-1.1856789540858181,-0.3137056171640536,-1.1733793411250673,0.777964046076876,-0.7159266147785003,0.521007430035292,-0.9678030268841262,-1.4363240319978166,-1.7531817214765675,0.028302519375736745,1.5265583706900707,-0.21183836087815447,0.13546938056504182,-0.24396601220634612,-0.6127206734790878,1.2659909102019162,1.3040806077978129,0.4624147503717791,-1.2171424452605106,-0.12530274817476833,0.7535817952271182,0.5404842073004799,-0.0043946918258711,-0.10324757920089012,-0.6713650466825284,-1.2264317168340224,0.8624291320846231,0.5309130336569324,-0.45470075282343136,-1.088824410307357,0.4895022039943313,0.11221314080436909,-0.211579021081537,-0.14275591742664498,1.6131319657949632,0.8431771504560314,-0.5427380588318433,0.5566648579994423,1.6572427692719174,0.36273070173722877,-0.002618326994956552,0.43621456526781527,0.8087912445990936,-0.7424476828310282,0.39353819111366983,0.9315910058187868,-0.472483127362062,0.40102438621859016,-1.2165719079815427
87,-0.6848766013995963,0.8724337239292481,-0.11870915031606785,-1.5040921155340028,-0.647301597870025,1.8694826797429798,-1.5733829522274478,-0.43660899753071714,-1.3686271417680322,0.5206154747053301,0.1989641019900097,-0.9747837812302996,-0.11181726780035506,-0.9797901480436778,0.14629555177180906,-1.2800191497616407,0.8685547266542963,-0.554209007068319,-1.31953621611789,-1.2808724896349846,0.9482871202762913,0.22997309261559165,-0.7144721963395738,-0.5912022067199347,-1.125159584218988,0.3902152015572283,0.7620697258761143,1.1545997851586662,1.1895192156621117,-0.8488355324724086,0.7129245140179129,0.35425898304152165,0.039922264606253394,-0.6534783352921658,0.13060683821334518,-0.47147294402104006,-1.0013767596789032,-0.3606276103225812,-0.32956185855755604,-0.07216006372297232,-1.0304211622008288,-0.013552792853425186,-0.8819005674079228,-0.10905566631889264,-0.4077360869876698,0.6175835233158969,0.7245130720751541,-0.9626292928620279,1.0683640296713328,1.526357835979574,-0.6783841275126207,-0.829269888882926,0.6299473175504846,0.9023187243180006,-0.28898326754395387,0.2678061494984859,1.2845643474206203,0.13459699151580745,0.9891325968025882,-1.2305449575250482
88,-0.3994008800287217,0.049238250355165825,0.21679725295636382,-0.8958989139623387,-0.14027945152699706,1.5958504134725984,-1.2440988905735113,-0.8670021003560648,-1.1094103318723874,-0.09522854803709294,-0.5869791614555969,-0.1321988163623451,-0.1324550355061005,0.04851632431891867,-0.722413746263055,-1.5237014883247046,0.7588234166356904,0.4155265604487808,-0.9309213450681532,-0.31374812724713325,0.25321097464730385,-0.6622986970005555,-0.9989738553938726,-0.5852429047363232,-1.353738781858133,0.8429349484365849,-0.5574650109814452,-0.4634004731334413,1.1486564635787135,-0.07390678523834647,0.7257148281214022,-0.7238780244244367,-0.8283919956815038,-1.0707886787085046,0.74141171917193,0.2542017547597966,-1.0715699892206738,-1.1781048624607862,-0.4084045873278791,0.666826055769234,-0.8295248825728807,0.012659190460229452,-1.12742002627596,-0.2200724943561548,-0.6787397131835073,0.5250281055527074,-0.11343090010568846,-0.9367244309751115,1.4963465032263519,0.864373463978989,-1.2258281926655972,-1.5890802366138574,0.8836667479785717,0.107725634986191,0.323818801841389,0.44060406477665104,1.5370073647042166,0.9015447697247563,1.0651805309625988,-0.04593873520952413
89,-0.7932512504312219,-0.6335199159941289,0.7494909817847756,-0.22593745040648833,-0.43716587846227123,1.0840281372522333,-1.3525882724516385,-0.790176466124077,-0.27241475601934817,-0.8555740534979748,-0.3229873681324155,-0.25462893758743266,0.21146220023307682,0.12868794655413224,-0.3551136528900393,-1.4087862318563316,0.7725974353950653,0.6196443918632364,-0.519587265056451,0.623449948004374,-0.9928838198488137,-0.526524719411593,-0.8698014699425741,-0.18345215678508375,-1.0706071890317637,0.37572923272208797,-0.9755419058572712,-0.8055495030908846,1.0293294998849716,0.3794974064455727,-0.058463005236302185,-1.6970834712427596,-0.9181082886210866,-0.38489485077438224,1.1038779174779023,0.5183341548150715,-1.3154504061988663,-0.8272946290980459,-1.1787033552248958,0.009727065358606068,0.7844266821207451,-0.4577117416818973,-0.41208616883379345,-1.1136331399444899,0.30106306872666955,-0.10203159659438915,-0.3509851963952073,-1.3448478212443102,1.4476025538409396,1.2182614755472387,-0.6798525073520842,-1.398656947469145,0.6915179475264004,-0.6513110906353425,0.699155110156174,0.9903907102822724,1.0531676629529747,1.0251423081568645,1.3968296616180578,0.49579227844933516
90,-0.7143679605672315,-0.8089271890755073,1.171515460686205,0.8924742175503289,0.3215465642094235,0.615197168555212,-0.6869992015692344,-0.9150999377011909,0.7388179260333203,-1.553212112193506,-0.6509965629248562,0.17605477868479683,-0.0718186645977566,1.006404201200587,-1.0827502319648206,-1.6821561135657652,0.39232110055153313,1.1607957834245815,-0.44319985009902274,0.14706627197118552,-1.1230326069677343,-0.6309435897749807,-0.8109407746149815,-0.249028402047489,-0.7387917312946539,0.20091809892062812,-0.43796998470606174,-0.7135862540606674,0.6636019450073011,0.7364371450405797,-1.5685132096019054,-1.555642737646727,-1.0278029069530026,0.04432217195483973,1.6688095230620357,0.9231298738954549,-0.9306739958776998,-0.46464726236500464,-0.8581616815887826,0.19225873418249342,1.1399150951098647,-0.7843527067436352,-0.5629966651962266,-0.7466530745820696,1.0283578127297652,-0.10684753012678512,-0.762345440767028,-1.5668615397011585,0.30565278118872097,0.7461227516300859,0.7901126332152644,-1.215397415683427,-0.24458939367756533,-1.118027899785525,0.434345155868777,0.9181006217277553,0.7889154909031608,1.0375858331837116,1.6304930354383549,0.08108772663880608
91,-0.6685752363913673,-0.18007208816470455,0.944966048850806,0.2782981180312659,0.8852435446372822,0.38241570229200916,0.07646996043245305,-1.2002032383568872,1.9173534089466155,-0.5501319305281711,0.34890974960699,0.7967933220698132,-0.5674714352390684,0.7739762180636285,-1.0292186263918417,-0.9843794222801319,-0.38432568202710055,1.2024719380409803,0.11031449274891628,-0.5061419931785742,0.17600598596121675,0.45185859919959853,-0.028158520465106585,-0.2535365670364035,-0.0628740073476396,-0.6455141538043577,0.6670508851682972,1.1476017388191995,-0.13810265329041815,0.7775678908703977,-0.9641298757358853,-0.20666428717120328,-0.7278857400621667,0.7705094056542232,1.452737933435349,0.7872431530359993,-1.2012017797079824,-0.12430615592139482,-1.1065435660682557,0.8016090212686384,1.0862177888606797,-1.1739353451524364,0.22325818205602993,-0.8616798127744985,1.1391328010890875,-0.3616475653740961,-0.9496129093701577,-1.4832562172631523,-0.3767329853305822,0.17235105526745187,1.0508634428735195,0.2299556994644869,-1.038328555135973,-0.644610198815103,-1.2231240135617838,1.0696546830310836,0.06524330044784821,1.3737019948436495,1.1035795125330372,-0.511406083071087
92,-0.40492073269783857,0.42076792626653925,0.37920226508575866,-0.7660923138706371,0.617300641231668,-0.5965047839773424,0.5340317638876558,-1.1159942757384387,0.7791194478495688,0.20543297974270186,0.3502126813225685,0.4605054249352123,-0.3067561237427912,0.6091788611727573,-0.16334647845814204,-1.276316000976799,-1.0335097080676403,0.5909934961901071,0.586895472140682,-1.848460776184014,0.847578696580922,0.23068595374356615,-0.031938876679905026,0.41011474036991186,0.5931461714196862,-1.2183692824469305,1.5382296194947225,1.4242585165190214,-0.5052037453251166,0.12284847932426829,0.14017539521798303,1.008206494068589,-0.552683783700201,0.2615820869432231,0.9003136218096063,1.0885302552969922,-0.4324089154290176,0.3815877979455022,-1.596422916735581,0.07416242046352288,0.26250920119813986,-1.1937738201565127,1.1132406692925854,-1.1868955403158663,0.9665354503390378,-0.37145848668114806,-1.2917085106514403,-1.6020203341758972,-0.6338537316196188,-0.5107481337684692,0.936531418299355,0.5855867225398605,-0.825533502402536,-0.16897702988881125,-1.3207158872390197,1.2600700852590916,0.3113969416393272,0.7361190229751553,1.057198480213867,-0.6628476221355717
93,-0.08306169770834654,0.9386647767121792,-0.16763185745849046,-1.2196791795424602,0.2360112695756521,-0.23639231757834706,0.8694164139642813,-1.0097494487793974,-0.4853801761462063,0.9144220066196539,0.3314215904069603,0.6360584741666513,0.22530922647051127,-0.3800450944349165,-0.15651430166493535,-0.8113137867107996,-1.5898381847683616,-0.5454068424617751,0.9259798921622043,-1.1927730741632903,0.8166395002136724,1.2865497314072691,0.25249966874916663,0.7986328966692493,1.309241073158846,-1.2507634501753602,0.99382973455328,0.20571519414361428,-0.8943501204196205,-0.4528030810020922,1.3664801895387364,1.1916424521171396,0.004686477527283434,-0.6898023080031697,0.8093836149368747,1.2234690319920336,-0.14438700275123012,1.2382896789254156,-0.8317605170766434,-0.1211006118709629,-0.856706105621475,-0.8193921690681518,1.0920584180633208,-0.9705526658727767,-0.09400720113154559,-0.12847065923924317,-1.7349588840753647,-1.3644075463412095,-1.3208953536777883,-0.7235781260292113,-0.636244989931901,0.8417171251016693,-1.022653098327762,0.9246729489415366,-1.0611557871103448,1.130510819232827,-0.3575905817257408,-0.057855506614395785,0.8238667747408377,-1.19849826167909
94,-0.14594143750598804,0.15621741392473665,-0.2840642388779786,-1.2544205255191,0.5380933783319027,-0.2842169862060576,0.9161030784059125,-1.1450998123569935,-1.548075151688728,0.964984522920033,0.26273138089012704,0.4963222418897634,0.266195555671129,-1.3288817037884286,0.5977810496155739,-0.5119874478309258,-1.2023583626791106,-0.4157835928924378,0.8189260057198623,0.25105291860246115,-0.7133271760643994,0.9989464493216418,0.6945408369136856,0.39411992722486927,0.9512192511551263,-1.09084014781663,-0.04561603542541326,-0.18240880263582504,-1.4246424906622945,-1.1087748361230616,0.9242488154044977,-0.4064281257547926,0.5281482536651977,-1.1216704738965912,0.22989643374303592,0.7988169824140707,0.0600169092016796,1.194788427143032,-0.9240321864496744,-0.1476955484670659,-1.1187646376952516,-0.775506267647729,0.903613190439901,-0.592333391896235,-0.9035334599911337,-0.033956945430559105,-0.8737013450959515,-1.147927116624124,-1.0678257343318367,-1.214812268351233,-0.9263246448098833,0.7957831059236227,0.22262087634697847,1.2674103963626802,-0.005813426663476617,0.671297994332967,-0.2412116267051659,0.03162384123116713,0.33847826312090695,-0.45246855659754726
95,0.2502318256212134,-0.5370882317694499,-0.029829504342272786,-0.9679039387567235,-0.3638005687198237,0.7646473069743012,1.3201419736364022,-1.1520804073560351,-1.4076364002639792,0.29919953684850775,-0.33966765926424136,-0.3082485652716331,0.198206498540992,-1.56878394736688,0.7676668498257058,-0.014881492964805565,-0.5523024185517363,-1.2131437405214827,0.5589192830567089,0.7328527018442045,-1.6476577115112567,0.7667161792401288,0.596791823258666,0.3180487337443869,0.7980045839449221,-0.45015951939166965,-0.6428871872037283,-0.9626835633311881,-1.2733305666305454,-1.1880387473816285,-0.6167089452936108,-1.750169114322685,0.9544120256944401,-0.23743460344598855,-0.12701327767923576,0.1830854626504819,0.5597597438990586,0.8728327051385608,-0.8631252880913931,-0.574008179843231,-0.5517116719848911,-0.8979907842360556,-0.25952413333730406,-0.9199079293197887,-1.186031761888001,-0.46267627749860785,-0.2503563977009836,-0.7828073123921367,-0.15821356464574063,-1.2776438154436143,-0.588392429550221,-0.13476546108251886,0.6792496638946195,1.4782052974174382,0.9341532087484106,0.3506116016586922,-0.8501422051237222,-0.48007877959308515,-0.059565925366246,0.2690323772163451
96,0.33324950672501796,-1.0409023762134586,0.6341014748765006,-0.23701981708535502,-0.6123163764077151,1.1283102365679896,-0.003561007958909068,-0.5497215888477062,-0.46810641290694716,-0.8332697805856881,-0.3066092920451413,-0.07503801160847134,0.5896754058139976,-1.001495924983377,0.6417251945233728,0.2765829096699339,-0.024586128524417716,-1.2832005947062497,0.385577775462704,0.13609580108135935,-1.0922014627195304,-0.13773354067891086,0.3815286677524842,-0.6559187797222751,0.4336920947329854,0.4154877747596345,-0.878135483705593,-0.6775925857706568,-1.158365024311179,-0.863878498787447,-1.126605762675818,-1.4291106460471037,0.7749183395843449,0.5695642464180428,-0.8465861467400806,-0.4094209950204545,0.5590042571259107,0.5848950052538351,-0.11160830264642388,-0.9487613022327941,0.13895341333724612,-0.9158767643614327,-0.521891859129409,-1.0619536555659754,0.6001335955712177,0.46574566846036414,0.31116613591200354,-0.062334039089167514,-0.04798087409545576,-1.3540685918864022,0.677945980989527,-1.1203282898163498,0.31139874664811823,1.3511406530788794,0.7539469400275366,0.29353886928969875,-0.1908310620383522,-0.7000340049030707,-0.581903137689345,0.499636400559507
97,0.31992151437911315,-0.5029107190482648,0.6099464859506156,0.20237195074795034,-0.3734661417988291,2.080643122187713,-0.22185463604026762,-0.7762570936117458,0.46642445324812903,-1.5401890482753442,0.3079541115542587,-0.26650211300611704,0.3287980108676293,-0.14185069143137127,1.0724190507554208,-0.06836012758031529,0.45422048527542547,-0.9606555531688775,-0.4097039323138302,-1.190340048503462,0.24386096426366438,-0.3338499289921666,-0.3006385197831143,-0.47256086416237497,-0.238121863229793,1.2033034939167988,-0.0824861799117746,0.7402736294090573,-0.5954436647051923,-0.13454451222858,-0.4810894838995401,-0.6305288532498872,0.8333335821008738,0.6743825320785797,-0.5637495850539826,-0.8699365719546592,0.5562741871407323,-0.14172129556371107,0.5608423290151753,-0.9708587657588751,1.2335731574300568,-0.26022481262357733,-0.9187817456933944,-0.4807090784804563,0.4199049571382311,0.33051776300008107,1.0878458074560362,0.046701230221176386,1.0829918254080548,-1.3137443708680643,1.0187163577930898,-1.698579037707663,0.6580090349503298,0.6490754668033014,-0.13637854987295403,0.411849445567847,-0.5743394620056543,-0.3057902357884932,-0.7149376101257595,-0.09626210887073143
98,1.2776369295768777,1.1786852653039093,1.2106988850265261,0.011772015095857846,0.236714278566529,1.1615866373598704,-1.1713870709689829,-0.6573260522076202,1.0833888515822883,-1.2711882983142648,0.5319885675149476,-0.7520109338751495,0.33357608183835213,0.23963972694552993,0.9250192583063482,0.7351291271758169,0.9594439118315491,-0.9695212230680833,-0.3802616808715324,-1.6033956321534748,1.4934474188712374,-0.6991877783407875,-0.4404592274996191,-1.014364951273012,-1.2228315443146403,0.7246681354199673,1.3517978407471927,0.9886595379396632,0.16082886076370742,0.7821122671238631,1.08981855996669,0.7320883583022999,-0.012442799862899367,0.31690031239531957,0.35884962491924777,-0.9516547067500534,0.13530757851010167,-1.1578807331116272,0.47023885241922975,-1.0502451887032265,0.8935278589810327,0.017992434384080255,-0.5808139509673736,-0.8252447038708138,0.8957716340197883,0.5892500570744118,0.9402469594357906,0.2029128337700612,1.5953059685962854,-0.38525210915316543,0.4958511382613125,-1.3120188830865591,-0.20611740972584508,-0.7805079875580532,-0.5222419588411564,-0.08186333949483761,-1.3885888380016138,0.5402742669771928,-0.9857407368293425,-0.656864377698677
99,1.0705735975413704,0.8544522679610828,0.5816229615101145,-0.8714436540893632,-0.0674625638780435,0.6204480588575313,-1.8214264149982817,-0.446084718496918,0.3309839694970624,-0.03763274417241372,0.771322743899982,-1.1107738076959033,1.4231985331910262,0.8093875351376474,0.22826040022592392,0.5855772720738803,0.7845390510868536,0.1125265850844397,-0.5781790151273403,-0.850738084549559,0.44332973120797226,-0.18313695709357797,-0.8060875631062138,-0.2213609051391682,-0.9538337995169923,-0.12332977717037116,1.2053468589691614,1.103890892894866,1.01821989349306,0.753843617548851,1.1777258638161716,1.3126363976413336,-0.27589750796021706,-0.8197312096315336,0.39966599907044104,-0.6074442647798038,0.6322506248494016,-0.7529644089026544,0.8864002511520784,-0.5317516754301522,0.2842025501763304,0.4870775977350448,-0.22983983573617858,-0.7644511815447272,0.764827915044323,0.8917676936937706,0.756405657430597,0.25263102423112443,1.6033172104922315,-0.8151328612491147,-0.3240941916273303,-0.6252068130192691,-0.5463747164219898,-0.7474220094715852,-1.084232044945964,-0.5199060482864444,-1.0335070425998516,0.9729427097294764,-0.9091680277453653,-1.3782660029558327
100,1.2905439913451873,0.12987178318064488,0.1087519818144205,-1.2150276157066136,0.5066426813852174,0.0022716529150713753,-1.2059367438927284,-0.2047867584752159,-0.5728532575656295,0.8073452422926655,0.16383472077809877,-0.7167952192436742,1.0360633348064439,0.8711786571307822,-0.571935479469114,0.44088199081646023,0.8499813482523113,0.5224557900491271,-1.4169311081436038,0.6000441106697965,-0.8816194658677234,0.6348400555038125,-1.2644259746067548,0.05710796432006847,-1.336816213814348,-0.793952451551946,-0.03204270932294126,-0.21041322875382198,1.3641920597242576,0.8556640479731237,0.44121742743430314,0.3880069099454121,-0.7507185378100916,-0.8083433178266417,0.9399428653328782,-0.4229761532665862,-0.014651457461296008,-0.678579813345119,0.9471032615901772,-0.7355801271656051,-1.0823569390899332,0.4401495283001191,0.21122687609736265,-0.12645028150316984,0.5383328692786584,0.4060440304223578,0.709802238485631,1.0675380283075904,0.9971303355465154,0.03592227040667306,-0.9765070204889408,0.10660246181571004,-0.7351016615911761,-1.1939971966833092,-0.9272370633214521,-0.749043243234871,-0.7706640026273783,1.1703461667356625,-1.2039188091643194,-0.3051409555547461
101,1.380797638081244,-0.30115390650287915,-0.7369720867170617,-0.8336133294705299,0.7935888851573641,-0.22210302650006997,-1.4529319876667541,-0.21305309714980403,-1.4786455363120061,0.7070754868808692,-0.09404966529249832,-0.2881169439817,1.089266861357064,0.05595306484243051,-0.3534185269021396,0.668730898417357,-0.21438689412653986,0.590920324116684,-1.9873562002732146,0.8361381005282392,-1.2764732659323872,0.4035451341218117,-1.2593707670077958,0.2874317285314616,-0.5530471503121586,-1.3216251102502252,-1.0583775872504626,-0.9724435662060097,0.8270692903773742,0.16200883841365749,-0.40780208981627775,-0.6504906644743595,-0.8143459817126404,-0.17417515020971625,1.5857553437048726,-0.2888312326922535,-0.03335028737752195,-0.12240910949570284,1.1574364066936764,0.04436320275091324,-1.381994889074413,0.9053322684259438,1.0432190989101267,-0.44765964654621604,-0.2726433861068278,1.0936228247091746,0.6259891278200722,0.9282617958414648,0.3526360895039623,0.3420816712711907,-0.39982622372750976,1.1605732471439731,-1.310548920665051,-0.048356800313327286,-0.2531353656740445,-0.20512738968657795,-0.28472783232448706,1.127818873478335,-0.9727540053186163,0.20478582741150328
102,0.8974374559698731,-0.9586805238933503,-0.39599725726927104,-0.2647369628467444,0.4168143887565331,-0.18819025965976205,-0.7469854407346643,0.25529813072665875,-1.0122464791666308,0.7684926845502125,-0.3777407557301908,0.19635657167876872,0.8871281054499407,-0.3254509497906814,-0.4211450490646452,0.6446271488582643,-0.8946486100984478,0.6923535891316883,-1.2747430558479498,-0.40649824058016326,-0.7002295241985486,0.909374600770916,-0.5390878040299959,0.4100916266156589,-0.19004006593422113,-1.2675148247547783,-0.9895434973260957,-0.88411309952854,1.1241484553500924,-0.7938835981423626,-0.8044174123842586,-1.539131806695402,-0.2869593784614436,0.353755828088116,1.806494676352729,0.008783047016939174,-0.19719573346500363,0.5590959934761434,1.2576361429076262,0.1909601270830936,-0.5032688944456175,0.7242063238874867,1.1499789244076055,-0.04189178188408518,-0.9472363596330506,1.068692840059246,-0.5758367807342453,0.9853998478955761,-0.2797374958250962,0.8448925595933356,0.5427429240397476,0.7599073081627187,-0.43491547300918526,0.26566251153904025,0.6490555698090527,-0.4128543291058626,-0.9029620758251458,0.4898449017270068,-0.8594532049600565,0.4600253167498617
103,1.7858276084584523,-0.03432601064990859,0.6038356689191421,0.2523286017608471,0.20582152313225316,0.3431835626292351,-0.0009312462218523943,-0.4883564193264722,-0.341667236285883,-0.36048272074627397,-0.35386082730644264,0.3341731567900358,0.882661299570298,-1.2440515708002193,-0.7614841027881722,1.3600062808181683,-1.2624337795398948,0.4062628623886243,-1.8219998977258933,-1.2907409864991974,0.5878443541486311,0.9767061069283692,-0.24229899451594705,0.11225231149562698,0.5343369096336803,-0.4987750992499753,-0.2723764468410303,0.4658649815021627,1.0216980793074124,-1.4205215509940738,0.15996509344415014,-0.8195113078658973,-0.6535739224668654,0.858828009626142,1.336403158069768,0.5632908475808986,-0.8533133377107687,0.9485521654806972,1.0802009518924531,0.04014495942729113,0.10734615069901313,1.2072806859686316,1.262515830520028,0.15540224224965293,-0.0897716024866285,1.4880699673591944,-0.6517941547447235,0.9623142999650504,-1.096224945592125,1.21401346459407,1.5467963927532744,0.5971174863661259,-0.6565988479837445,1.4374944343454286,0.5604377944628874,-0.45321227141039344,-0.9037493450677445,0.2749031112262651,-0.8207121259752173,0.39810944074913635
104,1.226796020877939,0.40759261369431554,0.9434011574306124,-0.13598326186124216,-0.4156606491510452,0.49042049556061335,0.9178920921274152,0.010530905616447539,1.0176837906967353,-0.6995828299010968,0.2007245715885124,0.6421609684601369,0.8571462561912981,-1.3223481197211504,-0.14637581226518936,1.002482919206575,-1.2554021681825929,-0.245707911826604,-1.1472268739995004,-1.0029861883708877,1.006844837808893,0.3347541977327117,0.5001548369770686,-0.1693701254115367,1.1531061983061448,0.21910164733827775,1.2221012488667922,1.1554602833473522,-0.4477342098979389,-0.8074201225663143,1.198867663924611,0.3823225581533998,-0.2896656931232277,0.08072989372216607,0.8820287938479822,1.1579143670530883,-0.19428740994615756,0.680664516921036,0.8437265682611607,0.32690045654583544,0.7013413383472902,0.36551548677904133,0.6205836197282748,0.29490491731060925,1.0136611238816955,1.7820229865866193,-1.3872308788690537,0.8459848613743076,-0.7588446365285269,1.6148193426468043,0.6092105120741707,-0.2695528602550263,0.5127352468673405,1.619004682575579,0.18424097024948172,-0.8032546611635925,-0.767046945573182,-0.3490615102885921,-0.6879575344215656,-0.6189490538261903
105,1.3015020470519074,0.877503095708291,0.9687172068593647,-0.6058329758602047,-0.6588612949820726,0.8010267374008645,0.946719704726197,0.07480381775281979,1.1557514162462361,-1.467261262087829,0.6830798733726808,0.2631895161092967,1.5040121297270386,-0.7555773164370643,-0.3643321865325561,0.3219773076382315,-0.2619427900488619,-0.8051994946602925,-1.1582297512014397,-0.20509367590204453,0.3309102902197598,-0.33557165190833793,1.004664914026374,-0.2766810763905416,1.309930862585979,0.9267936361934684,0.8889354740900226,1.409872503414085,-0.45067017563076905,-0.5023968520757304,0.8869954772550324,0.9355616562555612,0.22532184475847813,-0.699941769304169,0.28436340258955384,1.10137424134079,-1.1253889214083084,0.8119785400371132,0.5282746984489961,0.7185291878173257,0.6445199634204635,0.8550395632666552,-0.5521712292977253,0.6494871341669473,1.3734606006079066,1.2923357893435135,-1.7014952397815357,0.4134725517995477,-0.9494022095860698,1.3038257059741885,-0.7811052799042273,-1.3190335153363835,0.6476688557995746,1.3949221308304993,-0.44189066483237327,-0.5424384667403743,-0.21604203336608974,-0.21096737329362397,0.0845087852974938,-1.3008257148254976
106,1.546830005938354,0.3046237069632225,0.8030813428012988,-1.4663175919259053,0.17967973864206532,0.8138479796669515,0.9572219342297839,0.3571133070325319,0.4010818361315417,-0.5778194000438671,0.36173106584476056,0.7328994283176392,1.0592363374655234,0.04329357521206023,-0.48820567185792557,0.06490232654268621,0.29545286103768675,-1.2872129069179994,-0.565657423021015,0.9623457653007738,-1.2610845546573324,-0.3313348485774961,1.2304520799265009,-0.31896741477513824,1.1168715087422294,1.0080747972586421,0.36093132570545344,0.19304397348989158,-0.5563742346703416,0.32720851484830776,-0.2835013760921304,0.8489229900603662,0.5957856322069031,-1.2792673514207762,-0.2829572492418921,1.260088624696665,-1.1996365902819306,0.4639950281239897,0.2477318543422624,-0.3539430910888308,0.10932520512027542,1.117342544601103,-0.7555247701926413,0.3279680441047704,0.9041603686283185,1.788404226344536,-1.6377819943315028,0.34904253230215415,0.010400076720297163,1.3414847372929541,-1.3802824091603896,-1.3633851685824276,0.8449803349309526,0.6479907888107567,-1.7290064426358436,-0.6972089323975224,-0.24330563492277063,-0.9418403032956678,0.4317120383860228,-1.0454942174579636
107,1.0881653963326827,-0.8054560519258329,0.5656215427395384,-1.069798215664453,0.5588485801014744,1.180020580643038,0.8268147484908944,0.1484895495252302,0.007314114390792548,0.5240574376524558,0.3151387149935706,0.15768873978221887,1.3059423335481208,0.4381717465472181,0.5311112405644146,-0.15598346198805996,0.9994193997978699,-1.9830132570800367,-0.48893458916035276,0.6744310383346779,-1.0444410059576847,-0.8591075890851301,0.7145994796463314,-0.7115236419414754,0.5718770920168749,0.019913531440899912,-0.7484584828733206,-1.2231107848196139,-1.5614733498534796,0.346690255042537,-1.358805410374596,-0.3513680429032644,0.3659951547969508,-0.5556529312816446,-0.39481138584875314,1.0677831606628825,-1.0140802059697092,-0.5599843429830679,-0.12318368680195596,-0.35814268124728865,-0.8419238060950759,1.1920470562437406,-0.9269467580439887,0.546571248026928,-0.24978698425294754,1.164621344791026,-0.5616186990517904,-0.312343961159325,0.19856834268603535,0.1559454876916765,-0.2480214621771542,-0.932960203632319,0.332654720882932,-0.2774439372567654,-1.2418278882227463,-0.28207600490342843,-0.20914202729335662,-0.48499381817836085,0.5936735639622259,-0.2891408213584279
108,1.0666008936738245,-0.903297386614722,-0.226960573913718,-0.5760723758476887,0.6183920893310926,1.1229516710303777,-0.009151761989002236,0.194829147712433,-1.0547026468146448,1.017198744238002,-0.10264711711417071,-0.14772345400127587,1.4263932319940396,1.0302662115614467,0.540652949529639,-0.27715209654046385,0.976385783086091,-1.0591406981250189,0.44716445339082167,-0.7840474072279532,0.18708216287845944,-0.2825480972562082,0.3097463052002287,-0.19529049606705617,0.08903460873498276,-0.7767191942817833,-0.6002857134883983,-0.9577643282541756,-0.7401528824624588,0.775840083491562,-0.3848005303129895,-1.3311119042674229,0.7227052451994211,0.22948830815686516,-0.8979652545016708,0.5144280196346245,-1.430727581683085,-1.0386717865478914,-0.41692526571298316,-0.24885187633896055,-1.1013946455687318,1.1639082462228214,-1.086152697254467,0.6889489982469421,-0.6684710797435476,1.1070725490153241,-0.6982823038558693,0.21732056769178412,1.0735996312924199,0.6085255011071864,0.4508304019742525,-0.5604861660150326,-0.30266549492662487,-0.8358614346091908,-0.3281839136076714,-0.3363527907555426,-0.17142305398168348,-0.603403496454028,0.887876568922587,0.038435557072322615
109,0.7226205938211971,0.32054730471103576,-0.017031212184507538,0.504755451484863,1.1887929636810395,0.0553172047762725,-0.5743408733410502,0.34778388232112717,-0.9841659532428535,0.7120888615523705,-0.4190744934397508,-0.1235460186211026,1.2764590504781732,0.5819529953340574,0.8763432518336467,-0.705635382835578,1.056114791942757,-0.8258354021927798,0.7330666836655625,-1.831765186583539,0.7372603144218581,0.7861584909702768,-0.06286153036472081,0.5991082979612621,-0.03407197269944673,-0.9179269055308324,-0.5792574829060227,0.1148661756545726,-0.7413257474723034,0.8818554228077393,0.1131489647844846,-1.043122777350113,0.84230823293411,0.9125218436799495,-0.3964024618159087,0.05946221947771052,-1.3302954497062676,-1.4079479788078018,-0.8419087415256199,-0.6840920870143987,-0.9270841579956136,0.18844608830936754,-0.13947489295406745,0.23980491599563875,-0.5869787322829886,1.2284905917991025,0.35135490883609377,-0.5787983431020178,1.7682157949946773,-0.5299408579017553,1.2455939133670615,0.2307372907773777,-1.075105179012613,-0.2867452632884039,0.6209312644152833,-0.5119791253568411,0.030470907201880282,-0.18450464392175425,1.1636926744930538,0.2432550538976861
110,0.6887320946308029,1.167403884858289,0.3090280434654315,0.24212317450744508,-0.15935994934904735,-0.3346666931620876,-1.0376828629894495,0.2169945267709789,-0.36679901521586056,0.11206812036247663,-0.10879098648749246,-0.6480368734237409,0.9909705111589727,-0.01097651510393352,1.2744011042800993,-1.2141016976440608,0.4201291942480311,0.24995026461377173,0.6890424429164307,-0.7763368459765632,0.5479392474679894,0.5852660807988082,-0.8679307847768648,0.25024893201346765,-0.7822224467478469,-1.5408233847470758,0.5406182372409722,1.4917117866767844,-0.4209727375383969,0.13102541864849118,0.9144114359819382,-0.011662537247453336,-0.2635372631523649,0.17667523797026813,-0.4173382312738212,-0.4600964154849681,-0.8529140569196639,0.03111340704310278,-1.2617521141270105,-0.9399655254816626,0.4745944181838285,0.2878531941196845,1.0481212979054628,0.46603225865593534,0.2131590994128065,1.074158007319475,0.5758620238788074,-1.0319098229623596,1.4152484447120364,-0.26334563566590435,0.35275677163811275,0.7874127061661383,-0.6952507165471001,-0.3676287009935684,0.6312730128424723,0.0022478992417586247,0.7785696240026326,0.37689848291239153,0.6334619902504468,0.015587441931940171
111,0.05340436554121686,0.7092089387917673,0.6804507759679512,-0.38854674865114147,-0.23616452905820173,-0.8398671721124062,-1.588366938502873,0.13336832772612078,0.7516268691259588,-0.28119188612226254,0.3153613867507713,-1.237123716679049,0.9969531539651784,-0.6763309457513779,0.7137638520930061,-1.5617252022827905,-0.5787445435761822,0.38337488807086584,0.6316127572655622,-0.2672057294695443,-0.5996630582400171,1.149050053133684,-0.36987725224344314,0.6969844861919651,-1.7504582412504237,-0.6058175558553405,1.362481573220919,1.3301231413432462,0.7149469455655706,-0.614855987603218,0.3595100297640276,0.8517523397760949,-0.39479524961460455,-0.5378399721703516,0.5448032281303559,-0.7754376629839632,-1.25824275380192,0.37525381131159946,-1.1955327951052344,-0.8325061731100192,0.8075318258784875,0.37617472268710117,1.2837960592212454,0.6614636350887704,0.8060952396930489,1.037547544513119,0.7270234469775712,-1.1523498549040467,0.7825365238226524,-1.07148549071619,-0.40740935514521204,0.739729160238866,-0.12703604469796476,-0.24923693251926396,-0.10527336341872795,0.3638392684068817,0.8095970743708618,1.0710930033808723,1.2497093251765587,-0.7811291201133723
112,0.20801663433162343,0.13671052134104827,1.038317375208162,-1.289205344934422,-0.4795994474563507,-0.4171264545707436,-1.6333663645915308,-0.24469907977352848,0.7993142283426086,-1.2111877307864407,0.7456748175413728,-0.6901660556868039,0.7534575385628052,-0.9137397910559311,0.2756091649424017,-1.710170990483657,-0.8773600492430004,1.0443852595625738,0.7437613114785443,1.1087217498755733,-1.2175654531279299,1.4991808941233993,-1.3080537166794872,0.2226613657954134,-1.3372232957472574,-0.5264443826617791,1.0305317385700832,0.7335716909651083,0.9244714433499778,-0.9361646708091864,-0.4964240281693655,0.9165299023514581,-1.0465366552607611,-0.5395585357689753,1.167356257248741,-1.264838344012131,-0.13949936854527079,0.7793058681343776,-1.587326736111411,-0.36145609020971947,0.949986469123165,-0.08840279160573372,1.104702312716967,0.41046920007162824,1.1964378368763195,0.4455088704916707,1.0672839722168626,-0.7111052870570269,-0.0635059116602886,-1.4782051707276185,-0.5784788040504167,0.17908127116921524,0.08346113538487736,1.1001467438756387,-0.8506124132245485,0.2931771348511405,0.7574496397342576,1.2651677300484203,0.8258621015337022,-0.7362751046346847
113,-0.0017918477111820708,-0.5496918762828559,0.7690052459158421,-1.3134673899984317,-0.12827811333283995,0.5267237797350272,-0.3700913284291871,0.22745800209263528,0.7157926507271224,-0.6661830663497217,0.43707602555368336,-0.8763559712472002,1.0782911294004314,-1.0557030063133608,0.27143224976370295,-1.292222146788102,-1.2592830121162437,0.5504990478586647,0.4869935989517996,-0.21837010979577529,-0.12670338895926803,0.05048562083977637,-0.672892275603474,-0.3260556125437045,-0.012618315602477781,0.4157130408274566,-0.41114563280413186,-0.7726691616118905,0.8502351881885855,-0.9875557571148166,-1.5058324216637617,0.09628671580784162,-1.257398678831363,-0.7488337626707102,1.686096189200628,-0.7641327192729028,0.1145625485080623,1.4217382237758738,-1.0827897836103753,-0.5683261245805694,0.5926137400917186,-0.08084811144911724,0.16132503181876362,0.6844057925925509,0.9339087496557339,0.27186861814451235,0.8882764448999312,-1.7068266196560586,-0.3877267716614955,-1.5750311854008716,-0.5655565508384865,-0.5137098853022337,0.7533043598240988,1.6739594729635414,-0.8464403210649973,0.508534132221614,0.7579414795513989,1.2021969371279586,1.0777743777538786,-1.2637521893071664
114,-0.8553563049444088,-0.11372266880180981,0.5201253448851934,-1.224450486389833,-0.30906100571182304,1.035010479902623,-0.3440319014151552,-0.6969956726232385,-0.13155688620818545,0.20293920382349137,0.026663537242371298,-0.16302386843434902,0.0309474544274827,-0.19981582430919292,-0.2741019668419493,-1.5550459544660895,-0.5719638038890422,0.16905650994604526,-0.18329125536251356,-1.272624487972531,0.12664624652718537,0.26111267518957687,-0.19675775275544677,-0.35589608155489627,-0.08689916162138167,0.603510906317224,-1.146986562538853,-0.8736945193811366,1.4202248090614291,-0.30099667054090634,-0.28999853992706215,-0.9820564530920337,-1.085561702692126,0.296074122764321,1.2994163873834412,-0.24701586455956448,-0.10655299294744097,1.132157727363067,-0.9412108606468583,-0.6252367089944634,-0.7301674967496246,-0.3979451722638868,-0.29066707488507126,0.28446766772855414,-0.041241585697773725,-0.13490743538021754,-0.379958336278036,-1.2919246469974122,-0.5793106496349912,-1.6129399235525521,1.1141246656480561,-1.5794358739455867,0.7827265856252132,1.7287729020976765,-0.984061469477766,0.7733426886007372,1.4671539845734611,1.0069393750346223,0.4833245567366463,0.12876341855174747
115,-0.3013483211654033,0.09092072149470082,-0.06635431206651937,-0.13742916040630831,0.38480527972050105,1.0145261857761847,0.33007663278406885,-0.465580235075444,-1.2725646850276406,0.521940681451557,-0.3930378529224421,0.21349247007122393,0.26846016523298416,0.36834557136227414,-0.6779142625656938,-0.9955689978854857,-0.47226277389082316,0.025246214790449813,-0.43220818879224243,-1.7418874653409462,1.3461995690201116,-0.4391183166499962,0.35698403619543184,-0.7476857502402307,0.7867009492775194,0.9171968286137278,-0.6037383509868389,0.05251329765296018,0.8465001288842415,0.40865166838582456,0.3125938332758938,-1.054234926044435,-0.24165665847372295,0.40351096025558986,1.4798662367524436,0.14193529164388574,0.41689286672026266,0.19071069525622406,-0.329307949097627,-0.01286841942170297,-1.059079600463678,-0.6916072741747148,-0.7001203314319612,0.4284250203874202,-0.7210594717350082,0.012348994194486679,-0.05079718894217253,-1.4395725095502743,-1.568287305339236,-1.165987024082502,1.1283870323908418,-1.410846664223008,0.10706743388120504,1.0013426568381651,-0.678785279393934,0.9867963718402718,0.956571737407032,-0.47224944191412155,-0.08094627205621807,0.224796734999272
116,-1.020982806182154,0.4184107120944227,-0.4857483433915647,0.3102900864969042,0.6886210772847476,1.1468490391040813,0.6989046891094403,0.07801135921583591,-0.9471188851759602,1.4064042636619392,-0.17724847650847791,0.7006341643638767,0.0038347980892318445,1.1001767951263184,-1.0639689973803368,-0.5420138209395351,0.2578846547291165,-0.6548169437214777,-0.910788504193804,-0.721576538825407,0.23834413541035016,-0.895704966002153,0.5817520682464778,-0.10518860939816915,1.535437106327863,0.3998859856577085,0.17930634037641913,1.4087460122120672,1.1922519144784496,0.9506386084451888,1.009445036239308,-0.5493122498534366,-0.09147022147276299,0.6875037249057772,0.8086695109567323,0.2591024639158844,0.7166034383962113,-0.48815305372508283,-0.32439827010016775,0.07959618536442056,-0.9740021569080244,-1.4012405890976471,-1.3321577559021331,-0.5205986288515597,-0.6496330167530142,-0.3124498060367871,-0.6160370253436713,-1.5432138523160865,-0.9137270688079149,-0.5884873927980768,0.35412666026770895,-1.2018598425714222,-0.06126094055272449,0.14315777116945028,0.47762311358283627,0.902255869113717,1.175500641669396,-0.4615074779985815,0.4402577605133985,0.23081426366962837
117,-0.8826717866691342,1.275182734760732,-0.20527450124994062,0.2494270345529821,0.4311207157124392,0.9625852294962953,0.7878230541427714,-0.25500983943402217,-0.2817810228862716,1.0030234589009683,0.01464153829730859,0.9009877713868999,0.0755333864685542,0.9561574647212159,-0.3478969143989975,-0.38086854555716565,1.2418195190769872,-1.0830162353142179,-0.9216352957829073,0.03521777249831298,-0.8559676196665899,-0.8734410293690952,1.0872026182885266,-0.2167325112778014,0.8715837014786807,-0.6854481385348633,1.5603622338861223,1.1423791849850602,0.01725268299513144,0.7007692720713525,0.26541360311671236,1.0282753491448848,1.0826089669765655,-0.04065461067373122,-0.21132133739260398,0.6557047810463281,0.5472055351742853,-0.6707236409172522,0.5521376713583671,-0.2995922794829335,-0.1573201724462191,-0.6386647086314159,-0.8367024800750923,-0.11581319654768896,0.5917931199607631,-0.2114867278870238,-1.1153966978964185,-1.1309329829129666,-0.2830054281171482,-0.42310104423320605,-0.47730875534253236,-0.3881358773767388,-0.4449585350777047,-0.40265254521765015,0.7984460437649068,1.1588563397437237,0.8266063347600867,-0.6906106327253172,-0.2709537316947568,-0.2298737596778525
118,-0.9313284023540647,-0.2313208807056184,0.6578837297334079,-0.6235855661093153,0.11680542048650677,0.44584836022841684,0.5975989361124701,-0.4347874663857427,1.0213357788023916,-0.07647127079448349,0.26664321566622773,0.36908051712525836,-0.34584873090139334,0.44408559486564725,-0.10677161883794697,-0.7672768299147863,1.2312511993730313,-1.5324719445594779,-1.7673734203822056,0.7084483851770406,-0.9965492984111295,0.5572245437284884,0.6493805817494559,0.2624920081229184,0.6626590278600782,-0.9639478262840996,1.332906771982287,0.2947530547735252,-0.44638560310935355,0.3849056461461871,-1.1713859435191432,1.6296572067520771,0.9639749456726289,-0.7553148061144415,-0.5156418170178609,1.1149468554028124,0.396906148670637,-0.9787907519197075,0.5290999051157821,0.28221582697929654,1.0417743447205117,-0.7961891094171654,0.26127537254559957,-0.14094893060866442,0.8857294175321087,-0.2838560255411393,-1.4644312311783176,-0.8813940016908077,0.3705347511618146,0.09741597900483404,-1.2327823461189706,0.13229956541192062,-0.9716151112643574,-0.5938281687412114,0.9220954907800614,1.3262688079353113,0.9367588448640727,-1.1537569504488847,-0.6711265395661629,-1.506981103694185
119,-0.3855319867787637,-1.0794995641000606,0.7058679610765658,-1.6723298690018602,-0.13877031700307588,-0.21920989967995644,0.7105332595124544,-0.762443233279183,1.3340381218123478,-1.069848997288142,0.6114696176233174,0.018090566528238317,-0.07884404163614381,-0.07917361634225989,0.11032675598581954,0.04359583011786672,1.2272607867602572,-1.1365105422049593,-2.0639511306474865,-0.08398323678671643,-0.10029951259915455,0.6472065866154526,0.6217429916872678,0.21060489127960935,-0.11329919445987321,-1.641026955407611,0.20228589637710107,-1.3169327778581523,-0.7280033775991173,0.15018042770948062,-0.6447069243696193,0.6862311804820671,1.1859787738903194,-0.699105070759947,-0.519934607124406,0.7418258505167893,-0.07596591522578283,-0.4898339948000173,0.7344478293884696,0.2864197109501101,0.8809173094619785,-0.42763420895036125,0.5982191185124911,-1.3021131795443788,1.318918507602091,-0.05233084636041915,-1.044211600931947,-0.7060341160639131,1.166344713474965,0.5090061198164735,-0.27274305516269487,0.778838053069868,-0.8272140240416688,-0.6187023724884375,-0.457426583734613,1.1278907269347003,0.829004376760932,-0.2427787684621261,-1.0397941807424038,-0.9573267877599394
120,-0.40720608944901704,-0.3791968203498081,1.0420660514872442,-1.2754627382286516,-0.40404024209278844,-0.12349705686077783,-0.10580618590665472,-0.5914271517938607,0.2891698231938366,-1.4156230416725606,0.6262270596650334,-0.055103212181623056,-0.24496479109105493,-0.826013609246216,0.40173687229466465,-0.08922128722533285,0.31386027717379417,-0.7585705939764141,-1.2406603373404612,-1.6287089300670905,0.6059041429088441,1.3815700006856273,-0.27278623720156714,-0.16465904890642447,-0.45549739479870555,-0.9891613316090905,-0.9114450838577335,-0.6137116135340861,-0.6983773177338832,-1.0919277368386786,-0.29058961572202036,-0.6764789613779032,0.7129416023200509,0.5732736077147786,-0.5230453151258444,1.3276541816935703,-0.014703134084226244,-0.40321835234749837,0.9484467058350008,-0.2534384577848945,0.6710576310981063,-0.7218723402590448,1.3277642461957468,-0.7602344713069484,0.6827957721759375,-0.041821869095734585,-1.0631874402225274,-0.661696210233339,0.7646031167913827,1.0037681271550083,0.9196726961297246,0.9196654505445853,-0.32012643043738004,-0.07701835363403195,-1.1581722356230486,0.9237222698239936,0.4349687128544657,0.5323626567058836,-1.3604571340663152,-0.741244474064769
121,-0.31162309836425894,-0.08334171928704115,0.8394444068818754,-0.6594679027314966,-0.2599912512111596,0.20532766085002607,-0.883703909985284,-0.6694849912854204,-0.21207990890495532,-0.4572093561125411,0.16852797308297818,-0.10438783123649359,-0.3536472479806,-0.9057503395913249,1.2946625901944975,0.18237525564747462,0.01539249171074114,-0.22701447754232917,-1.0757689458142146,-1.5021540591827516,0.8972497781320002,0.47376085182961714,-0.6465690382653663,0.4215811751239435,-1.2603054135549838,-0.05200149140709752,-0.6537164763905103,0.006636003929622117,-1.307931229726312,-0.7107381727914366,0.7834537820616059,-1.7035093160917085,0.45775971959245454,0.38846636259399114,-0.40207788467065014,0.54594761629113,-0.2978820621989837,0.873705826516164,0.8721315709944439,-0.5072381514483866,-0.16346109570534928,0.035109877113682963,1.3479640129840955,-1.2189086492073273,-0.12063591952108854,0.2098484791954297,-0.3988706598983727,-0.6122944296372503,1.5816928814210442,1.306979424410291,1.0421313998873742,0.3200740611797642,0.3312122528953791,0.866664023683404,-0.7458455514448343,0.5345880116368332,0.16901838132599173,0.7272754602507358,-1.2189764934898668,0.2187346268577452
122,0.25545273759868514,0.9413246736980523,-0.19351976690535508,0.8943998902745914,-0.4129853247314633,0.5112328382169908,-1.310781367998669,-0.6956923243962077,-1.1016775780702048,0.40334108175591676,-0.23385055340409183,-0.8091605897142348,-0.4974269691766788,-0.7500555420523325,0.5076164561537906,0.9911263120632616,-1.0407230249908195,0.024294160615605243,-1.3445609889628598,-0.1213669667129105,-0.7821365196124335,0.2783922822493733,-1.3282862030021267,-0.5631467393900029,-1.12377515543242,0.2538697566311229,-0.06644617602297809,1.5370250748856433,-0.5232033353657788,-1.2648151894215587,1.294201703406435,-1.2264396108476783,-0.393077522947446,0.5682142418808198,0.03799969052700647,0.26775682079847357,-0.219340398613571,0.955766218906655,1.2090711386896313,-1.0035082270896585,-1.2688280998071813,-0.07023047854691684,0.6546396718205372,-0.6688898883715935,-0.47000210181274105,0.2615712381090663,0.24886102588234377,0.005536014990370389,0.29435672828772724,1.7704608000426614,0.5453203604604342,-0.4436656706330825,0.6021981968296924,1.9072302754825547,-0.2930155267349275,0.3117897368361861,0.22686675368949924,0.9902288282014484,-1.0206115186710438,0.2862742000557605
123,0.1097734510063601,0.31603779406207466,-0.4233015722914322,0.2024187746350121,0.3658617831421096,1.1222341071763706,-1.6194111368196777,-0.9133971671708234,-1.4976862581404904,1.0666428906955112,-0.3942152424539765,-0.6982662133802991,-0.14574475907785261,-0.14067027936810456,0.6799185786344735,0.7711950074705871,-0.7427808327967553,0.7875132796361413,-0.46749744346166616,0.6665708217654577,-1.2274838951629041,0.022802575376766776,-0.7542122563353899,-0.4546482019596819,-1.0542466828784163,0.9025745555243364,1.6410549776138847,1.6439506542321078,-0.22022939326849347,-0.3261961777887944,-0.3787718586472342,0.020215690206447742,-0.7170907179006618,-0.19829157233058445,1.1937670152395672,-0.2869109775069104,-1.1135718403200587,1.092203534870481,0.6330569899868856,-1.0647555012290333,-1.0001616488464593,-0.02026344766287358,0.1865133016493018,-0.6117357843513432,-0.6367225499236561,0.7066961872388758,0.6725621673652484,0.09287584962822437,-0.03750135962995145,1.0182629449386877,-0.8574700666068729,-1.4946721642044878,0.5205532496488497,1.290538591266371,0.35019351827910455,-0.04004409502423892,0.09833279346871343,1.5203092182585083,-0.6375955999024332,-0.2078346627699859
124,0.4082508952464884,-0.11559103715938404,-0.5756781758738202,-0.5499568987235365,0.8404492149851782,1.302737568126518,-1.5702294105496373,-1.0054930526256907,0.039106710952905965,1.481658976840408,-0.0011886473644277112,-1.062028406828825,-0.2598841973758295,0.8646810422138165,1.0589585700194295,0.6944722225842448,-0.5920553696343307,0.8873759402862507,-0.08550559473889037,0.2626595469343211,-0.45294709605088024,-0.6255324974779386,-0.8757592797261733,-0.589745817482841,-0.5279057878630664,0.6089130351069713,1.2488301001410158,0.37793142145005854,0.7589947639125469,-0.08186602174271815,-1.0694752277142112,0.6914634348874051,-1.3024078578738463,-0.33605134975372125,1.4049933331558968,-1.0689011464877018,-1.0716945489696752,0.46930385188430174,0.9495232160397753,-0.9428675395915084,0.08662858700436366,0.3398446852746619,-0.7473802808338893,-1.0957932394750192,0.5995276972924334,0.7821164529394956,0.3771496133565576,0.3825675926563628,-0.4981623591612978,0.7289296810722344,-1.215375563943516,-2.01115030005898,0.08758769728599497,0.9017568909424363,0.9861215782587954,0.41122588519916503,-0.4691711088983048,0.976331913167134,-0.29450203907359807,-0.9543534690022375
125,0.584884209576872,-0.9918674041689014,-0.33140647967844145,-0.7042507017608447,0.8403928485378109,1.402684130078241,-0.3888990814757475,-0.611838738222838,1.1224832617472835,0.44807906661963814,0.4358838305105489,-0.3477438172349883,-0.19435341751473126,0.9631387624995725,0.41175551778410735,0.8691278274937434,-0.7786430750643094,0.5812712906300824,0.5057555658855349,-0.7048621486421198,0.5557714889857048,-0.29271004330776784,-0.44203196597970595,-0.9395909211286919,-0.11355310753765155,-0.09110456622079643,0.24611007354867143,-0.5402696676853127,0.7965522945507032,0.2915790377575371,-0.9698596276513842,0.5119709279565376,-1.148670069712638,-0.48913379519058675,1.3105732678125759,-1.1810001621638093,-0.8024698616820274,0.49224056687777135,0.19824638386480078,-0.5605707335486312,0.9884616819292398,0.6171770606249452,-0.7041807339783048,-0.9955907366543228,0.9442092532888395,1.4573186639110736,0.878191831431848,0.4403456065541791,-1.032598794811875,0.735092941808253,-0.603642215906301,-1.320206378640603,-0.31378815066769294,0.4069529328525258,1.1580724034248182,-0.10362094285252108,-0.2677462853408733,0.5839539460107844,0.25229755658866176,-0.9227383570808838
126,1.243109028860702,-0.3938270681164327,1.0305759958679612,-0.9314839664990575,0.490341629758237,1.4214467254438004,-0.05327346313006248,-1.2852887399710013,0.7533455587687521,-0.5466614897923627,0.8480477625860523,-0.12205109505554165,0.24709387657716297,0.5459011516273994,-0.018561864977072184,1.166283513785805,0.22671547497164404,-0.18721584894256263,0.4548354614927256,-1.7243781442742228,0.48489339009507687,-0.17231645500312143,0.2094024711797987,0.2324038499939041,0.95974731420499,-1.0348437801540469,-0.40695960909110207,-1.0393392504960184,0.9102706558022609,0.9271564211563137,0.8874554595957087,-0.08860525684060308,-0.9975060076698903,-0.11958219222484696,1.324071969720774,-0.8647871107462061,-0.9032929801867298,-0.7317776353996959,-0.4271885105778004,-0.7159235008060202,1.353544029409425,0.43130290339577143,-1.425775662795974,-1.0455063972829448,1.1856977592779796,1.3042884006880493,0.6856244767097343,0.7934800755779574,-0.9792849228557572,0.5112902633608282,0.5928048854829999,-0.10893468966723133,-1.3060262380813186,-0.4845937878695841,-0.35822893976552506,-0.25390037497290213,-0.5802205484712271,0.4568142487408626,0.5444515783576981,-0.7687934460564865
127,1.3650062569979338,-0.014624105534284504,1.027519630635165,-1.0735976189622747,0.11153619422605239,0.3325935249978527,0.7087056493842684,-0.7517340531751923,0.9285923475238778,-1.5336727766190137,0.37293550850088886,0.04280395289667693,0.3131419427546367,0.3649063820707228,-0.5515021592803104,0.5030165376292224,0.8646358307843103,-0.6409427545499504,1.0210387666182497,-1.018459442314871,0.07656277573670675,0.4972170880252249,0.7011368628084002,0.4343405702306685,1.3182099185313068,-0.8545299292185471,-0.8654192245712368,0.2534443839285915,1.3953093008313238,0.6594646927840905,1.4738252837746781,-1.2435268388565082,-0.15519065358523726,0.3966190066888132,0.8534931830493161,-1.0242521164328073,-1.1536089443919726,-1.251596744948288,0.05032621932886261,-0.23788340574007813,0.5465403832021108,1.1174472116360386,-0.5562713942736492,-0.7729594486689669,0.34000951195135976,1.3774717202998512,0.42643718306904693,0.9325271809501839,-0.4543801882315344,-0.3951571042173585,1.1197964804607388,0.7061804731907453,-1.4041177573937569,-1.262465653747302,-1.0432634448144802,-0.308898213113734,-0.755250232204839,-0.16707757043418425,0.19115461783120563,0.10760429794424115
128,1.4844785857172553,0.9492338316087032,0.9942515171090669,0.07691089104330681,-0.5664081616251715,0.3809463945284919,0.39621970630561343,-0.9291642674694425,0.031184277189612697,-0.6018361142622753,-0.20023067360982186,0.3226348180383845,0.19615989257731312,-0.3339381829360748,-0.5230501597169781,0.8160719799487333,1.161597284633873,-0.9593862109624878,0.0664410767449859,0.11264838695345468,-1.0275465093160292,0.8302515090391374,0.9258217123599324,0.3662929870677857,1.33955761658125,-1.1723767773673106,-0.578122088108158,1.1688292841293662,1.5168038195695914,0.3090081748752251,0.5587104313904159,-1.5105155682073002,0.4273033086419793,0.4971998937048464,-0.021623099752648867,-0.596244538019228,-1.2930401532340812,-1.107088609572677,-1.045940264600089,-0.4761256481690409,-0.4386449539489486,1.0396651019001824,0.5092018397992613,0.024004498091021564,-0.04679032643276371,1.5817677708041966,-0.3464207579178802,0.6916298615871452,0.06359650870593245,-1.1252805421758032,1.1291890447650845,0.7633935532505566,-0.7127517029679603,-1.0074051246004114,-1.1091803251844345,-0.4657694439156388,-1.0782581933436963,-1.1281334105399288,0.8466830118105086,0.5585016850823739
129,1.2516217932076557,0.455383706119092,0.2823822340534511,0.3793980008837558,-0.7379387598382348,-0.6856375642248593,1.111020786637687,0.04937464513878809,-0.6279124701860967,0.00930465332898675,-0.29190430741946327,0.8164591081867115,0.5538306915008318,-1.1625385519451386,-0.6021696399569925,0.23149895491838565,0.6668169420130512,-1.1104421809857765,0.7705294617756991,0.9086995032467878,-1.122086523228381,0.8709413602918488,1.6142033776207723,0.2690471246038836,0.8245056605348879,-0.7423815322223521,0.6757089094049853,1.3505671189687174,0.404285777050125,-0.9595780211327924,-0.38866359135488304,-0.11527032217939714,0.8953259799333866,-0.019350392751309564,-0.31823236174088704,-0.4269006841892202,-0.9925369609455228,-0.7040519048908658,-0.9314715647353484,0.137853923565375,-0.8052496122558692,1.2354694261971733,0.8132411797253238,-0.26702218862935523,-0.992881537703886,1.271931754941033,-0.869800040818002,1.2770172596105167,0.821346301438219,-1.3901859440454856,-0.5430209334676294,0.11954054848832518,-0.03650482582297973,-0.2618516661217327,-0.7625289231737442,-0.8268015523489662,-0.8083229564642043,-0.06660909329014264,1.237701004251828,0.1844161536395729
130,1.7783615567501403,-0.7094571327288353,-0.05069391365315594,-0.42013460358240057,-0.5428728883247387,-0.7378030853583257,1.181302666968854,-0.33099480054653174,-1.1683813401503307,0.2516071658097301,-0.18196376431115308,-0.14400247688168677,0.5240286081921173,-0.8233139248804531,-0.30587666930167634,-0.07609429187472572,0.3641882664083361,-0.8316053416592949,0.14217799562925376,-0.1474949496427207,-0.08885630729667235,0.5708864824717498,0.7404341525952838,0.01492728545657384,-0.19899619678273156,0.19244768478992,1.3518434870504612,0.3789263570260263,-0.3191702737328096,-1.0366968380511594,-1.4424623345992467,0.8757970311803555,1.0790619591171147,-1.1278334936978072,-0.8902849408453626,0.4879323495339422,-0.9280836234951103,0.12221081881426948,-1.3936569577035978,0.5603356930277088,-1.0905981205392619,1.0016082935112103,1.1824221488322983,-0.4158154882454895,-0.4946864441667934,1.7384476638052377,-0.9437862566278612,1.2580754010882151,1.5655773560934534,-1.2530929427104283,-1.2036547215919027,0.12384563526998334,0.7171358627163953,0.6890927265186948,-0.12722942963844028,-0.9237007596506563,-0.5502347341549598,-0.46325341415729254,1.246281866892677,-0.7748830058721097
131,1.7223158898908162,-1.089709009645814,-0.40885242093181035,-1.1111699351057125,-0.01641664041065892,-0.028975390003116698,0.5341089960741184,-0.0850855851041627,0.37661380713607745,1.1731022689013157,0.48489377584262866,0.40440019142198586,0.7242204047096059,-0.8067947401907752,0.00753791403037371,-0.3315206347465788,0.234177692653662,-0.4181611456558086,0.1263756629873885,-0.8520973864336712,1.0278344331030136,0.06422691826549798,-0.2512597250054138,-0.13743112949536418,-0.6762356360979704,1.0278200648316482,1.2574931293608917,-0.5602868769730135,-0.4626722965421656,-1.05485172631874,-0.4180547585139416,0.9525483200567542,0.9726506767721126,-0.9883644609644754,-0.5242242958545369,0.9182180291631414,-0.6142905110139538,1.3539168973458175,-1.6547366563191417,0.18586108969243234,0.011255945398931488,1.336649419134724,0.4156782967750581,0.04461616285064546,0.5289793132359212,0.8492852781243624,-1.4843088744740602,0.6102264381461255,1.6296262129737695,-1.6767366384680318,-0.5720317556277135,-1.0665863960856736,0.6940560525047863,1.2181022932389922,0.8911112466840115,-0.7870149602971388,-0.7754205879363069,-0.3381563446271863,1.3998948440175067,-1.1355799705818626
132,1.1525995017933002,-0.4520247531587046,-0.42298336701371925,-1.4298034536302517,0.4969374970416795,1.1665536534473981,0.09527893665206102,-0.009572497771409727,0.7808559692996294,0.49564405425043634,0.2521833988920276,0.4119600660357905,0.8088008610710518,0.2054221670049334,0.4548022975683891,-0.41843667574719445,-0.7516861238372042,-0.5279417035177325,0.057576033727550435,-1.3919808952974788,0.7887034092550046,-0.27927399323004437,0.042043614954124786,-0.8940968116548722,-1.4869431351645057,0.25604158151819234,-0.1413075957819056,-1.2075338392736161,-0.9315697092575994,-0.3076576361838472,0.7475988850417705,-0.15822072990362557,0.3531037054659313,-0.24761450838266474,-0.36385833574532256,1.1965284167141916,-0.6510556997821716,1.3024727783352088,-0.8187512665776977,0.30959361538498237,0.3835674103729995,1.0306987265352698,-0.07800220365400012,0.37823449992681013,1.088170199316664,1.6704452706518402,-1.4201907783737004,0.6299343806748396,0.7554595095071974,-1.2743078776558634,0.33217487344143803,-1.3822215808328324,0.6487167656537105,1.9049966413472121,0.7724939423841688,-0.6552275018719427,-0.9017086113500224,0.994968443174872,1.385472092009509,-1.3298435713122223
133,1.2939575497914884,0.7684779443400771,0.21952658083353113,-1.2247858381148689,0.5980395024897749,0.8224895985087598,-0.6128733219587842,-0.4443431611911387,1.4268027428041012,0.019312212302130066,0.5033241801391706,-0.08386384338697865,1.3764323003219767,0.8694220965929385,0.7456285570241035,-0.8329104956390613,-0.9294692079185582,0.6716299941110297,-1.0015899481891382,-0.4078955164417768,-0.12359144011604446,-0.23222549316400765,-0.6277524239957828,-0.3666631445149697,-0.9419086407050162,0.5304304740592022,-0.974903093664172,-0.31517062032926896,-0.8423917631970981,0.12173337935428274,1.3886321867934746,-1.157263605331786,-0.09064959080086965,0.4078906292296623,0.17420442903602584,1.1916822481213265,-0.24103739149430597,1.0904880524578886,-1.4611371023163486,-0.018804498927894403,0.535224070042367,0.8591279313419224,-0.69340807146914,0.6130353146577138,0.7177105985278103,0.7595628798524763,-0.8035425340445286,0.15529780060356374,0.6312796935170958,-0.9923181940431733,1.2218367827677135,-1.245616163623779,0.12008599512760793,1.1971002694952302,0.1425859920698013,-0.5316767739431,-0.758721941112039,1.1835454249865243,1.2968433149051912,-0.5997606407662956
134,1.2006053227238258,0.7640380382941955,0.7477789889273269,-0.16159864636107518,0.6367542306770004,1.4866912103662413,-1.3250165835146053,0.4107931755530451,0.5477412413714865,-1.039663855443492,0.5096042327104864,-0.6376355271899107,1.8618215586277576,1.2501546918706126,0.8018177907114373,-0.6950197622482817,-0.9401269108164781,0.7204801028814907,-1.0054367195244036,0.30225403470236256,-1.1913801179856052,0.05628431363982611,-1.3150595091599773,-0.2384564647390821,-1.1161012542210007,-0.2854834369121091,-0.9199348792685449,0.888402136780533,-1.467061973624251,0.6846457710219577,0.07632707533280851,-1.4473256726291666,-0.2919973505297523,0.21547906640080453,0.389624327130191,1.0816317236891662,-0.03892466637620258,0.3315343635018,-0.5090965694650412,-0.6907027886415888,0.6900652367131846,0.2986881996278863,-1.0985342320388456,0.17524173521641573,0.2504234991232832,0.7847687163260288,-0.31525981261828406,0.05188295240677321,-0.35504254766838417,-0.6907869901200958,0.28622241506573004,-1.1381978544726108,-0.07644234382256751,1.0902257320849085,-1.175332216727977,0.01659477892699371,-1.0416498040772102,1.4249717827657942,0.44092528448245694,0.28138603355952213
135,0.686164821286391,0.17773071721978087,0.7615258443834066,0.24178340011128,-0.04955781006654447,1.1114875393319479,-1.706732022894633,0.25622766297513316,-0.5030543129171589,-1.1191978256876596,-0.39627789370442046,-0.6037000111361265,1.6168778843303537,0.6711764865566563,1.1019466535215616,-1.7225529183299901,-0.08965304507830191,0.5253732495582082,-1.550647339182022,0.5053520773166664,-0.5280821757412378,0.3903362255180428,-1.0549869115688073,0.19752774496356088,-0.7203480306466283,-1.1725669076747487,0.4612640557769691,1.343836268720171,-0.5909189492665075,0.7512682473510086,-0.7776568112765737,-0.9558760530088803,-1.0428808622135923,-0.46660829230749745,1.6106445604755497,0.7184434405793045,0.08713419647555914,0.09981476669978578,0.038491937292295136,-1.1667370402051729,0.15574982536543194,0.32969961738535736,-1.082068237975653,0.7531319756918926,-0.45489833764671617,0.39337079515724493,-0.08770868257584369,-0.08614412669741872,-0.7753954863158626,-0.015614006360954336,-0.647900674629334,-0.29651283117629185,-0.7996750996669013,-0.40517331672114804,-1.1437978639008837,0.27551959508847024,-0.13846654206111592,1.217283171005804,0.46264928711239733,0.4280878238395604
136,0.7244427177823909,-0.4624456750335878,0.7303792473028297,0.19160899707812165,0.03838115257125918,0.4708569513062241,-1.3221133386694255,0.2441017494614649,-0.8323893150672619,-0.9468593397419082,-0.3680196360206186,-1.5158491364599571,1.3854932706342908,-0.20618259152485024,0.7879526440234581,-1.2051138116644546,0.16533686666335015,0.5045025048632243,-1.534212574601805,-0.49718754262565623,0.1859108896626861,0.662933454683701,-1.010176651880224,0.7142796988216971,0.1421870415234583,-1.2366538871014847,1.3148940657098656,0.2743545729327668,-0.7898680106033344,0.7323141504569767,-1.1209718953347239,0.6036987778760866,-1.000354793089849,-0.8359182667760694,1.0669106811254436,0.029785433734360253,0.46619314506403237,-1.17773250485914,0.21840756881129322,-1.0242191476815996,-1.1648895198294378,0.14562156535057716,-0.5752629025227602,1.2398382374692032,-0.7604220572053947,0.3695896826322187,0.5599850254337284,-0.8036747346614935,-0.9617056441677705,0.302258678080471,-0.9618696505656877,0.496114385081627,-0.7257809480493804,-1.25943275125465,-0.6962143428252826,0.15586665956247253,-0.30321748722988984,0.9811699961385348,0.24810956890792077,0.2416526977198673
137,0.5186708563632608,-0.939391989470981,-0.16437146534655322,-0.7427399161732933,-0.3791236817021527,-0.34677286511191124,-0.6451237783954946,0.664133974669229,-0.8739800036639487,0.0555100938792599,-0.04812685930715256,-1.0799759444703554,1.5723115518055648,-1.1808182308272392,0.6653887659443558,-1.3233718277399502,0.6345141331176976,0.24601552492385656,-1.8751024101645426,-1.3146238742439644,1.300062489865859,0.8625337646034736,-0.21720401069119943,0.4078761240880845,0.28367183291004977,-1.2287372488731758,1.0898699686035316,-0.8427123877313896,0.3080224564755543,0.03441477679880786,-0.39962390830835937,1.1109894392619373,-0.6330319341533943,-0.6587251833835396,1.2261342340880519,-0.37454238614415586,0.841040704279772,-0.8608524898092891,0.25374616793908544,-0.9293739226880848,-1.1642318623660002,-0.42586783017316626,0.26785070162209756,0.5989564839469168,-0.31141165992421044,-0.02534577708288531,1.056977774722714,-1.7257254061239118,-1.0530261336412232,1.0239723694465928,-0.3761585809331104,1.3794020029233711,-0.6153506959197902,-0.7795772605885898,0.46294286476617513,0.10089754794297692,0.05510249246667061,-0.03125148099345498,-0.1512221160105722,-1.0682091057695169
138,0.5627357540409081,-0.2610823024784341,-0.1971998453785121,-1.1996710909448323,-0.3956689298574799,-0.3811037100207036,-0.13093070890275627,0.33984606389007194,0.1327782613534614,0.9260860709351697,0.03865559789931178,-0.4367249653866667,1.216318054157248,-1.0514467838365626,-0.45101209308555157,-1.6465350455369152,1.2221269707896658,-0.4161208171551286,-1.4059577531735477,-1.1489174569877454,0.4510149688711057,1.0990777559264653,0.8666456395426074,-0.10286571837399783,0.8346277989417746,-0.3294867271058687,-0.15858072356922354,-1.3806213480151763,1.1240378716007537,-1.0755198662805538,1.076297595427505,0.3238811728405593,-0.3702658914346985,-0.18354281074143508,1.1653205068527124,-0.6520266734160943,0.3044321030744592,-0.3950997526517068,1.6359636204691803,-0.9549651521397451,-0.24950100110770337,-0.8814934357064206,0.9412853073994918,0.924283437060058,0.23618663485057212,-0.25693922555962356,1.125746131721461,-1.056160896434282,-0.9810179944543498,1.522050224092956,0.8741001001732114,0.863437154296688,-0.1396267989224027,-0.3431111427111908,1.1991397493391105,0.9793454859096474,-0.007493380324729279,-0.5434168974701248,-0.7830095920251421,-1.3001006593371203
139,-0.16526542216366136,0.4842048368105666,-0.07561126792142192,-1.5351458530537043,-0.010977651464675647,-0.34470963224420925,0.5077121292375105,0.6075510473325547,0.7709193189660798,1.37792264573729,0.4852562502288118,0.18415347438722865,1.826040261218458,-0.9964761248614523,-0.4421877887722271,-1.240055131136067,0.6971575133968362,-0.996948902561642,-1.237230717246817,-0.3700571733291585,-1.1884774418122528,0.3622777739252844,0.6046277389092105,-0.19388658860752006,1.052764946475147,0.39074352152548864,-1.1686325369216093,-0.7148111088412594,1.0841871004376755,-1.2482353935602464,0.8243381309874681,-0.7084110627721113,-0.14713693696811658,0.7947912235325223,0.8148387845758401,-1.138572539007637,0.030007664682819346,0.2182657405610428,1.2465296750582984,-0.7104642894279192,0.19629749019074277,-0.5851542056381975,1.3511128528527663,0.5135773230459935,1.0023512297395911,-0.7283068878584167,1.2916487914162342,-1.733302897941722,-0.018878807085444732,1.5704802022932287,1.0390466582355768,-0.38744888004301514,0.8906269459442409,-0.23857742946376786,0.9401864006181113,0.9239901660597732,-0.12058692960772699,-0.6342051425094113,-0.9900286605872543,-0.7635776502908781
140,0.2791544724497711,0.9130572166456761,0.23264856615101495,-0.9126332777451208,0.7314737686457528,-0.14681678393934994,1.0522080528709847,0.3047522531071155,0.8156134814044871,0.41230640384674283,0.6774187849945288,0.13911029719838186,1.6515438953348123,-0.6157388962383554,-1.34209808688428,-0.6608891476333535,0.7202449892905287,-1.422453750972502,-0.7395521920080327,1.037918231177255,-1.1483607061271557,-0.3077466797795349,0.7103277421479994,-0.2877139561500933,0.7012269502662201,1.0821215104090747,-0.5469398789654021,0.6239153203952215,1.602607694577301,-1.346538344453246,-0.2656691910148317,-0.9541569239233776,0.2631949168690092,1.0002661859782638,-0.09118724022934604,-1.1737985354811968,0.4464471101583078,0.3161764075064924,1.090078500027699,-0.49542914465361354,0.7732390868872623,-1.1449864321922743,1.4531078337881203,0.7718266732298863,0.8978603694071694,-0.17938154045405544,0.35602667100422336,-1.415246394250668,0.5293326504744669,1.1120843457837148,0.5988931390442971,-0.5723672778514897,0.8019341687348189,1.0256870959855888,0.011069442922658296,1.1133732020872875,0.3458737875951109,-0.5631861147812962,-0.6260328424134103,0.32786560753719357
141,-0.16202292096680276,0.8562646824089027,0.7341251125577946,0.40810822386336676,1.174201552389541,0.30316471729020283,1.3338564962226493,0.07873191334479104,0.6943457076217274,-0.696366756238877,0.031001408245488457,0.2330757092271613,1.6232725750615777,-0.131623292860795,-1.1253498698445634,-0.18331254518051648,-0.0830372614423245,-0.9032059052069911,-0.10209627340845831,0.5888548758588195,-0.4130826387590605,-0.0945709762023812,0.8132046410869199,-0.8940553629751822,0.17125705327393567,1.2776569535190203,-0.017355176603527617,1.3452970289643278,0.7663629256994922,-0.09582063535950736,-1.1518174574446116,-1.1717886851655979,0.9235896876507901,0.27307456915678213,-0.4240262899362889,-0.7277762185676817,-0.072367790289416,0.8961891142265359,1.1404794263282982,-0.3559646518324151,0.2643491912807907,-0.8477350026677191,0.9146405330971696,0.33878220846101587,0.30630796996476944,-0.14220926462389907,0.3097309156149069,-1.2897274554133666,0.9440900252267843,0.9970979860331941,-0.4657389167318743,-1.6164419355082338,0.6093502537936867,1.3363578844377348,-0.601968435109902,0.781010073982731,0.6075520863471945,-0.4159946822094631,-0.8750206952703725,0.3493686867989244
142,-0.28247869109381596,-0.5087651129077473,0.8565123261994625,0.6116157880952295,0.5751867574440951,1.3233578389870435,0.48541877589114846,-0.14061830417149146,-0.35061001208450193,-0.9836850036152519,-0.7947102049655026,0.8697840240871588,1.041903721331954,1.3971779754768858,-0.7692215253601298,-0.4869331452725977,-0.6397670209045613,-0.6966244803696447,-0.0674335774870905,-1.1498575545974605,0.7065893489688597,-0.34189999755594563,0.34268969265157506,-0.712304453548113,-0.3612315323425431,-0.06433114418103714,1.24679242988143,0.616600613421569,0.4567522907616119,0.08613920697576463,-0.6791480295893432,0.18195675145306756,0.8588296097067832,-0.8148791968076231,-0.8850691244297368,-0.24836893961901726,-0.21689412459216723,1.274690597581264,0.4129307215145255,-0.1685769809408501,0.15417829353231635,-1.1857549179610178,-0.31491886780102885,0.5269049967654978,-0.7193717640392507,0.18687602450912838,-0.8841729888848145,-1.222407239286096,1.020249399989885,0.8098045470174525,-1.0174865077858914,-1.4479949534726853,0.4937850067097288,1.1750046348352532,-1.0311893642653847,0.7800128042406242,0.8774012867821119,-0.443317921236942,-0.7667834733895473,-0.24817010879516355
143,-0.3145681957984534,-0.38585377552490474,0.9375281941219639,-0.5631816976840274,0.26921360969679464,1.5272084508861221,0.2655817177912298,0.05982216949946604,-1.2023969105741212,-1.0056587928923917,-0.23912103446950028,0.4123532610719586,0.9396849024196302,1.0418178005710066,-0.4366591931524491,-0.3803643093686514,-0.7400794749589451,-0.22907268009085197,0.4814713060131667,-1.7003542243171004,1.2786772045110248,-0.2174785794386177,-0.3726477173691203,-0.19713257892950378,-0.9453912522937391,-0.4949180318577846,1.1707287970482938,-0.388995984849117,0.13368022166289456,0.781556731122478,0.6986933769289077,0.8555924664567837,1.0746128000717585,-1.1146543267973188,-0.3078972628072374,0.3307046401887164,-0.15670442719885908,0.7743582774309063,0.5737075196133371,0.10387321899985101,-0.7295757552028375,-0.7501031047962174,-0.8314557439922221,-0.29796698883958983,-0.9731189795764927,0.11405948765746649,-1.0514327673651598,-0.8166194927107726,1.3844006600103171,-0.008959315834819348,-1.027772040138796,-1.0803103643690244,-0.17428611625007534,0.969928633596668,-1.1575121986360766,1.1807327940481325,0.9806718197350762,0.1260508152415436,-0.6307943466405257,-0.47658139538425603
144,-0.886881282078319,-0.7015028220225091,0.4128380739705972,-1.0213513875740288,0.09174316458933607,1.3167737065623775,-0.7414599294720899,0.10029919788855068,-0.5855450099355504,-0.07122845310693954,0.06124453290252114,0.39669991193488113,1.0298662827844418,0.5503122634338358,-0.4080818555128527,-0.2621323863164253,-0.9860511162201262,0.2012972400255206,0.9128679134995652,-0.9156524420129288,-0.6100553207415059,0.25971188764189884,-0.7667725142077758,0.625805164408493,-1.472115615590001,-1.2056587529385747,0.4164937050785257,-0.8927495159634956,-0.6153977692881534,1.003464959146252,1.384649385009831,0.8303055360659706,0.25711574516747276,-0.25559083942998245,0.03963444742837885,0.4068854234823671,-0.2555548142264865,-0.1269808720563242,0.30931089557669456,0.2698090266994766,-1.209726803535067,-0.7184827252215285,-1.010908154289358,-0.3027907122739193,0.13295381159927633,-0.13305125390058078,-1.2596361169392394,-0.8880456113649752,0.5771121910311976,0.14075085657849268,0.2497769214848413,-0.07856152743729075,-0.5114572872653025,0.48736222577905775,-0.12136786044922251,1.1593751698196457,0.9418220993076933,1.0121143735416238,-1.2850153548733103,-1.430596377390777
145,-0.4065569554356893,0.7337641056449231,-0.4910128260031123,-1.2613996932844234,-0.10253690967893342,0.6329004899219599,-1.2938377331008142,-0.0636416581300145,0.28196625189741165,1.0358535308885186,0.4483424808091743,-0.20056779333032704,0.43604354771928566,-0.5083358550651942,0.9331607271165892,0.166789584893976,-0.264026792727392,1.060134487081689,0.7343379068071325,0.3921839741266254,-1.315407680538964,0.974272217373987,-1.3403933162271275,0.17232557703753165,-1.0497915749116309,-1.425662761833196,-0.6164988247178456,-0.7629367766684981,-0.3073264260273436,0.13184022425835118,0.0036386786462371257,0.28913062477139717,-0.5838558726499029,0.5204741717667072,0.3987474755330728,0.4862257125630695,-1.276914531238799,-0.3522024715759847,0.008533560188692176,0.1798342627285219,-0.4608173957464986,-0.20801752004719884,-0.6890013893024098,-0.2851495995326888,0.8540413536465781,-0.0034740226081309555,-0.9668189067918593,-0.8270560823000478,-0.10512635693636253,-0.41544062206663895,1.3660841203725156,0.4505441912536866,-0.8296681780227506,-0.5564890703577859,0.6260147216596524,0.49853747188186026,1.037620547961878,1.414546343882047,-0.5332423289485688,-0.8983674830795665
146,-1.414098444071636,0.45810077872737,-0.11566752221860471,-1.120104498643556,-0.6646414850563553,0.9403353228673732,-1.514781267607189,-0.7616192714486583,0.7163679290938377,1.5629092870241865,0.8161969372475145,-0.15348411841145446,0.72415031230579,-0.9579066544983736,0.6998397897668931,0.5888679033226166,0.045361791850355354,0.7194926741472641,0.454660287511511,0.4078131437409145,-0.8568458893906121,1.0494894137064106,-1.0525169584732013,0.40766937566376255,-0.9208094704466248,-0.9804822342884064,-1.3035501801749232,0.577883322513727,-1.242089879919965,-0.33261655044373933,-0.34231758885482094,-1.3389677156766542,-0.882596158876616,0.23347427556325662,0.8370520399998791,0.7820808482129799,-1.0951511043159892,-0.7840259539803531,-0.919272913390206,0.7058594875796924,0.591665390136872,-0.6048358175680255,0.14942510020402933,-0.8545814418515536,0.963966011461169,0.06005504255931232,-1.0059960512223747,-0.4194524483160285,-0.8398806644778471,-1.3232615463511883,0.5517336675511667,0.9318040796043301,-0.7531000565586222,-1.0926272902689695,0.7234287713196692,0.6234821803839745,1.3365491898625053,1.1761349363526417,0.21138317290628986,-0.14331871814084335
147,-0.7914967047601414,-0.09650100905546341,-0.1604794238623127,-0.028047049530724205,-0.2931521926192119,-0.19719892225513133,-1.4150973228977743,-0.9251776951290327,1.3743834975943234,0.35293877545790275,0.06682255140240512,-0.8713593177663939,0.5166099722925072,-1.058304444919784,1.33005538987819,0.8425614479409209,0.8512047786186943,0.3349611105091391,0.10775451128655517,-0.20825894626832556,0.0304639864362665,0.9968774135424043,-0.8627342815287898,-0.029167350537133097,-0.014756310515131127,-0.32640019027379785,-0.5091207903908178,1.159577490687947,-1.0011762759623986,-0.9683231050033049,-0.9629946682696903,-0.8280842786780205,-0.9122025163658002,0.08681337965140498,1.1932951937334768,1.406483675794659,-1.0812222085419818,-0.6647053506260816,-0.9822037298831752,0.07251177861594571,0.7602529779536807,0.21898722487123834,0.7605370497231093,-1.230782661710464,1.036750686254106,0.8908137377230234,-0.7680790033431473,-0.17002152793158024,-0.9041349228708856,-1.521675060375698,-0.5883715529982316,0.7207203321827111,0.21452037782340122,-0.5503539230816036,0.3100592232107312,0.8145045776286708,0.9714097818538634,0.9842823251244918,0.6838893298854889,0.6018943216415612
148,-0.6506746226859934,-0.7845590491716533,0.29855649803606044,0.16004339668069587,0.3359292096047268,-0.4963982641088818,-1.5808403578126122,-0.17322255497692007,0.7708945887138055,-0.3593012013240243,-0.06841753097174713,-0.6498325757219268,0.250093564193071,-0.8882836939648088,1.2573904334271715,1.0413367767825636,0.6061556584476424,0.7262988977081648,0.032241899497909184,-1.178568184361573,1.0884468946856836,0.4999694898801207,-0.6605018004881065,0.1128302993902584,0.6055098196162596,0.6293065992150959,0.2377091604222593,0.9195905680868935,-0.9631966488662802,-1.0074979110992532,-0.5554049960570895,-0.484628618978704,-1.0889355472404134,-0.7570024529448824,1.7377590593968832,1.0025551292794022,-1.3581492669882473,-0.5587658098527091,-0.8665529717347512,-1.2781874667632092,0.7025699053160601,0.19482071789473124,1.0103363326589785,-1.1251572800544816,0.011645893276057084,1.0739571419749787,0.43158230041711276,-0.21720802515345305,-0.9353407350251226,-1.341242074486399,-1.8072959911743114,-0.1729018754655596,0.5302612736291858,-0.46357783475756803,-0.29660756845455427,0.2607492654457726,0.3941275523978542,0.14280239919543603,0.5486127227730676,0.057233395295040984
149,-0.028685485282497064,-0.6368263082615062,1.0715170832721275,-0.2662788871026384,1.1117165108014948,-0.161406077063358,-0.6800396318032408,-0.40098134951940934,-0.5843768743615051,-0.9174312100818808,-0.5309659758252776,-0.7682818588091659,-0.2668634390356803,0.16710840208320282,0.7494574504407188,1.0254156719958654,0.9896463319994674,0.01542365779644439,-0.2548766026327579,-1.7440828937761408,0.7395195404874698,-0.570019336274349,0.29167456666451724,-0.8451858854990653,1.3857626536998278,0.9927655567812708,1.3027657060611402,0.010479133650387717,-0.41203918876310286,-1.022748957966493,1.1029789799676633,0.37901907700907717,-0.966031497129994,-0.5967852691579618,1.2548048717970264,0.37342755410005046,-1.0334658841933035,0.5568815261828787,-1.2458620826147955,-0.6223949427004479,-0.006584905143355246,0.5095435527087004,1.0246090809027277,-0.5628667175538585,-0.43274353228705675,1.0624341624506999,0.39231221206025524,0.5745875165823823,-0.4584353432790419,-1.8917463550522426,-0.8540346188405158,-1.5240907235474968,0.9244529928191331,0.2725932801751289,-1.4732101904083212,0.03899274177246148,0.9265738157256709,-0.03709513795634409,1.132277881623972,-0.34722181955305836
150,0.17645409744241666,-0.4727520689223238,1.0949771494711873,-0.6207780369136062,0.7078857179749981,0.4661657918268448,-0.03748494136187272,-0.8739425475267554,-1.0963012536155117,-1.4340292693506342,-0.5733118664377324,-0.6915177754348892,-0.4909410872972466,1.3074664233406417,0.3247218046532086,0.19100605596183928,0.5741427544267934,-1.1969042772470786,-0.8736516874987014,-0.815063818527848,-0.4426416045716704,-0.666778363608781,0.5534558046724468,-1.1571782575052123,1.2165858505569125,0.4860353207615754,0.5482937431170813,-1.4739956177582276,0.15341305113673245,-0.33251710756936126,1.1274564939108331,1.3213453752029447,-0.5477029320448541,-0.19545162451555506,1.2234322013250551,-0.13445327919739591,-0.9310727469181421,1.2215346751750416,-1.0756292625630837,-0.7631037914162464,-1.0256882549545971,1.0175205078651035,0.9276823728038927,-1.0760696620881511,-0.551815776474091,1.6168432469107439,0.7355410540175257,0.6480850848195315,0.383815142376623,-1.5783537615955063,0.5306694920485491,-1.9164630042840245,0.9975082738823877,1.5369190261288057,-0.7203020934062498,0.14694777708777731,0.8618138336695125,-1.2437815475286649,1.3122062451579934,-1.2254334397621753
151,-0.1232712325876194,0.5423372654732762,0.21884764894639847,-1.3127722146434462,0.1735028949100256,0.9529812736937493,0.3937733217702579,-0.8827725291903817,-1.1092929081620375,-0.8503377155572028,0.6335114787659482,-0.2613596312152225,-0.5957035677748106,0.9098622691320108,0.05924727378661729,0.5792899548912648,-0.4946439162819577,-1.1062043802607886,-1.3605422438229509,0.603862580386405,-1.3914844465142584,-0.44213753140082496,1.109221953668156,-0.8840380534975627,1.311694769559975,0.4193922810430434,-0.43998350941954345,-0.28628722780098725,0.7949794706703471,-0.2779588542324605,0.19818834056996126,0.20769801523244238,1.0322223565701747,0.4011139723655829,0.3980679290285461,-0.8012375227306086,-0.944346662389605,1.1516879682534087,-1.359132531274811,-0.7437263194367294,-1.630856139460715,1.1756286467469073,-0.06833834360255256,-1.0361554258976498,-0.2917751832241058,1.2320818797196502,1.7836177213236675,0.4901554497887578,1.4492367156169728,-0.8436362650708509,1.1273237851257971,-1.5941273831959573,0.2208503709756679,1.2030409573429246,-0.110380876260894,-0.49291185645463503,0.34883935091645074,-1.0013582051865981,1.5202075973347517,-1.7515148539946854
152,0.12015708715759837,1.113870408002052,0.09542325307639243,-1.2301946114530955,-0.0388987224432291,1.0852024101591407,1.0565846119917446,-0.992431749509331,0.07680542896772823,-0.020392002807321924,0.5429692591260468,0.19166786999520663,-0.4831691982122094,0.5762651993393032,-0.0901398151876357,0.3363461397633016,-0.4406514545383257,-1.4898716407288781,-1.5631395729220283,0.7094846044426488,-0.5607541209794397,-0.1888256388513492,1.1527168535129966,-0.367931859145733,0.25843980882085116,-0.956401928246407,-0.9679028380735895,0.1403163910176357,0.9686785068559887,0.9531074688398115,-1.088675888252334,-0.8699239923116361,0.5806585974238718,0.37625526855006386,-0.5118791530635839,-1.2613440169290588,-0.25262430907009154,0.4986111271747208,-1.1796870384718992,-1.0656559812473156,-0.8914765816000388,1.077106309946524,-0.6617830985027793,-0.5270476124792772,0.8313842278612051,1.545361455681151,1.0928605447389987,0.8952463339639527,1.6277672744902223,-0.30691308753508506,0.696823697689491,-0.8901516103379765,-0.6283737903110518,1.4976769453495264,1.005750314275931,-0.4549117009336964,0.22684752897809207,-0.34121105472921487,1.1868500047184916,-0.8508753737336429
153,0.883672115627475,0.14429407663654104,-0.24866131889586698,-0.4590771416661625,-0.49754532729187617,1.3457921206074064,1.1056143298840286,-1.064321737415988,0.9927511601238487,0.8654446796076274,0.30505043208230387,-0.20719074441343072,-0.42328490774992195,0.22612301700263548,-0.9944934033696881,-0.027364128915518676,-1.3049959194906984,-0.6586490594183053,-1.4617248097064022,-0.33298934128771196,0.5059979809725187,0.7662614486130068,0.7121448613401423,0.5896757875561799,-0.22470543353828604,-1.1808851236135778,-0.5364598709129421,1.3118832025073586,0.876379080663864,0.6923848554758709,-1.196246474790424,-1.3516708152263663,0.7048346139798242,-0.2596725070773469,-0.5509714166617429,-1.5647882920989749,-0.1850817899652793,0.7231339945572559,-1.0110071449050693,-0.7974119280116486,0.8354606399764655,1.0237330699562355,-1.0911783546457625,-0.8677032582104812,1.2669756480730068,1.9239532504238932,0.42870737214171883,0.8029976390620802,1.196405792760583,0.8242617478655044,-0.4668797875549054,0.25803680994748324,-1.1170857411000692,0.5597166596425374,0.9856287602941879,-0.6118978014541084,-0.08804413660802574,-0.10110693780829276,1.1199922021614082,-0.4369348341612294
154,0.910767626282432,-0.30426187908829905,-0.06897259241052733,0.5226231132911405,-0.5971493501133749,1.147366052510479,0.3655629145893583,-1.0598146396524124,0.9360324253240043,1.3651491718801751,0.3344922190993397,0.5542628201639284,-0.6702634636622192,-0.3061352117694382,-1.0905879819998912,-0.5815298751632056,-0.9471802213078776,-0.723301930825635,-1.3674831037696626,-1.750897309833931,1.3784819406305562,0.21879697380582153,0.3834190008544237,0.36658938210023057,-0.7800845712972875,-1.493465612391355,0.5293657712112189,0.9361195175172389,1.4535487610164175,0.0738803355314393,0.000519275810565295,-1.242694162913357,0.9805320390148566,-0.3699588514549488,-0.8270200286081564,-1.042504919001192,-0.04751607062501405,-0.7466270093254885,-0.5396792433973836,-0.8027737377131692,0.722756092583069,1.0808648653678283,-0.662398103897225,-0.500302520397945,0.7710951008893898,1.3754672177963547,-0.15299599153222837,0.43286175473304767,1.0133319730366626,0.5885565816733112,-1.3778807689742223,0.8160815741313143,-0.5354760467870522,-0.18639134211714203,0.4499628191540811,-0.25581649952863744,-0.22480567650185404,0.18753109076944469,0.6116761623026794,0.5675379960739875
155,1.4869470299662824,-0.9544351161449898,-0.26151179628533094,0.19679693269511833,0.11744757120533583,0.6971275269406791,0.29405950983704215,-1.2063209407377187,0.44641974470281126,0.2545233661277383,-0.971558146209063,1.0223045127572579,-0.280346066751341,-1.0498987532700417,-0.33791483012161705,-0.337797981711546,-0.7806785748819379,0.6122091288871263,-1.307414108653226,-1.5048884336822677,0.1813185528904604,0.9945051012334306,-0.37636428014546586,0.355118829433579,-0.5916193272365634,-0.2846393040872355,1.8620189162570324,0.27911969556874083,0.4515310386162106,-0.13678077562460103,1.0652832476145866,0.4986094852111637,0.049942992214577764,-0.7351308711619328,-0.6242634191759953,-0.45023124003714665,0.13816529807791733,-1.0062465051865106,-0.08839610963562086,-0.3760722610350669,0.8452948002207045,1.2660959238341172,-0.20607014095157894,-0.6943317241567766,0.31122718620937107,1.1846888518409677,-0.5638614482759052,1.1881832772287506,0.9946296363483378,1.1190855188940052,-0.6007611058212372,1.0820973006789316,-0.8668197282676835,-0.8254452158627237,-0.5598447131313193,-0.5404226575651172,-0.6235386878219011,0.4928700818619479,0.544600639011067,-0.0037336644562322857
156,1.377202689210431,-0.399296902830684,1.0465564670351601,-0.4099219978960791,0.06222754507553235,0.3150870746305352,0.14565011941831463,-0.7437755233997903,-0.7155297344746435,-0.566383185888064,-1.004735453229165,0.5382957265120253,-0.3987106557999771,-1.4675360909784068,0.27605703859100567,-0.6491710430475474,0.25788296265923766,0.7334118912517825,-1.0116222347732629,-0.5556896746536626,-0.6579106193546498,0.4998304983529487,-1.497940183806305,0.7620208483970548,-0.8289709784518242,-0.257434384459255,1.2116677632140682,-1.219536078648406,0.4805413813320101,-1.1156232989981596,0.999732276643692,0.6685643874161308,0.039478655616057436,-0.3008631386899018,-0.07448311137072347,-0.0926507888685057,0.2613338280548019,-1.0878700482393886,0.23736085401094492,-0.43828134906407,-0.012934842375987687,0.8389749387159123,0.3276385630952217,-0.8225053587236841,-0.47502940022593854,0.8471799437467319,-1.2028922357625094,0.6306033853558106,0.06522157913138266,1.2961902691759954,0.2843330528671785,0.9961347465767805,0.3094253159102368,-0.7071548946294385,-1.2859908356532208,-0.2585562966067862,-0.38885049660489185,1.0544152802298545,0.31812422322170364,-0.38134011483944913
157,1.0713442623734346,0.44552835866615914,1.2595785681150826,-1.0750266959361001,0.8274756146714046,-0.37314848503923825,-1.2409665598445472,-0.7906774169580302,-1.102546506876382,-1.1977530530173497,-0.3964084390879759,0.5236295681643679,-0.4072364690405954,-0.7917907397026092,0.42844754413220715,-1.1572553459747914,0.7738824573983133,0.8763745827689763,-0.6579495361217768,0.5146687451020198,-1.2108478905048887,0.3597211118893955,-1.4700278283994395,-0.05274640396176006,-1.4530406807848242,0.9378335062235781,0.27677744914167646,-0.34469978619984437,-0.8050224246855722,-0.9149385242280839,-0.5937163034114552,0.9546943118658398,-0.5128560066626999,0.3695802519131278,0.12000313032812226,0.09419321459412466,0.5620542051670391,-0.43462495069340756,0.6732221193227877,0.6653821119243403,-1.1376625813036338,0.6250552184014354,1.2850494161350803,-0.28753744617792526,-0.5097863756759815,0.8978676527964924,-1.543540170469047,0.7867085014518935,-0.8898960761315319,1.1263195065177192,0.9518351385461793,-0.12358339283409378,0.645209854925618,-0.13309859144784875,-0.7810140301336208,-0.14199010725622857,-0.5817844909482348,1.060332837676128,0.19150218563447907,-0.821235920817496
158,1.5822654490958699,0.49146029190617957,1.2674808995207116,-1.4306865567369154,0.8633758607149103,-0.5663364736804717,-1.3931645163048036,-0.8401022032280133,-0.7193886359958138,-1.2492796053274402,0.20291307869995492,-0.04917415294992135,-0.6295329804939414,0.17517299019284283,0.4955943140296004,-1.3531353055784048,0.6926978399107674,0.17758543085775647,-0.09956276634129363,0.31222317509148984,0.3481642909361953,-0.17193311407508102,-1.1889757608470664,-0.6119164347130028,-0.30808578776074735,0.7451767814045229,-0.9865005613413869,0.505419779625664,-0.758174261001102,-0.8792554009970838,-0.6560170252705064,-0.41969661484387716,-0.7932629900879502,0.9540788132228373,1.5902121231572544,0.8620947773947223,0.5918191258279348,-0.33121763855834535,0.7321613150185083,0.31065389984001457,-1.0509733045108285,0.6970225995227471,1.3118427126249268,0.018684608429232086,-0.10055040893788458,0.47136033246103504,-1.378832069095357,-0.003054224925193569,-0.8845493324985074,1.0484735368350178,0.6552245062257515,-1.4182971193693543,0.9623467553444566,0.27004687569713165,-0.23391480320601812,-0.40720136876034135,-0.6595158229236214,0.9447612199638369,-0.7519650914750053,-1.0352793946943797
159,1.4185790794181536,-0.08392979821325883,0.5826593053177422,-0.9052182246036016,0.5175839667748073,0.03970886102716382,-1.2862961449076669,-0.6431847140335059,-0.0880234478883239,0.06915815260139974,1.1253000643295956,-0.5197207349639916,-0.3278993072506254,0.5540470558739252,0.7290916002518808,-1.3929629770367793,0.6729495859116571,0.6219072000180347,0.36299905068575816,-0.7753202230339306,0.184118978191816,-0.43552759263086643,-0.6569989587632954,0.05937222035943146,0.5385655623862177,0.09401988495247016,-0.40462092984918724,1.0449341409785247,-1.325247515803761,-0.10846521515375013,-0.7526333607508957,-1.3929326293330455,-0.9664204318009791,-0.17347709824445307,1.2601049920967782,1.3345964236807268,0.022122356718893343,0.923064921978226,1.3699839648322087,0.527575630909083,-0.45779775963229613,-0.07901587086330547,0.6907910122521335,0.2432358332310982,0.6162065472449263,0.5150224622475699,-1.227116962264936,0.26834546366899015,-1.3361039777895773,0.4778480523954413,-0.07106357178703648,-1.4204069576921128,-0.037338606342492975,1.259449744090972,0.5719832722759164,-0.16306345828977806,-1.0243608652521734,0.524123234399446,-0.12884857980540743,-0.538064901174554
160,1.5581942155802453,-0.43049327031060025,0.008143983579242009,-0.09776578502857797,0.354803016465791,0.8332870666228487,-1.2470830440251135,-0.4519518929906121,1.051483925135474,0.35785719744029787,-0.09535136790033671,-0.7715246895344506,0.7877000888845276,0.927625674568765,1.0625266632595922,-1.5124585949385223,0.4256426333647171,-0.10407442980597131,0.6548882016632,-1.5189494882817973,1.056260225736803,-0.17580305106683522,0.5573071544255435,-0.858371289735653,0.9550041574566449,-0.05916229221241778,0.09758357279470802,0.9967133090979957,-1.068571138190736,1.1741931435679438,0.6386408646231079,-1.7310727418069103,-0.7937689470870287,-0.46688564538653804,1.6783691010935655,1.2410157999078586,0.14720150294920667,1.2476077528322733,1.211075704034451,0.184133757943494,0.28095631816260463,-0.3740240351267654,-0.18959618587983162,-0.05415556115532069,0.8704724297491331,-0.3182414423877323,-0.6115272015656865,-0.6217390759386782,-0.4195257994910224,0.507289560953484,-1.0224057172327454,-1.4870227769542148,0.16983112661828978,1.6125730510230873,1.0870406957588858,-0.35432963944575646,-0.5353479120026212,-0.2979484501783962,-1.203619177967979,-0.17424672258883378
161,1.6503167342202956,-0.9766243539724349,-0.6720840406941235,0.36575722740647837,-0.834258511701049,1.3842589258513054,-0.6128645611590215,-0.17854693139048455,1.04823890273624,1.3285969509419497,0.05694733043484247,-0.7133364683001057,0.2308186257826959,1.0636865752053604,0.6524385678398873,-1.1489004409867445,-0.09816902476863375,-0.7823836199092884,0.9704986766153039,-1.0032606940776292,-0.028094264402452107,-0.07407170487863546,0.42822676427416206,-0.06972529143041953,1.5285276518852362,-0.7979962852311671,1.1839465896769241,0.22335044670202395,-0.9196176683680124,0.8578276601118617,1.2821318686521503,-0.35684078683559545,-0.4130552198400074,-0.6022513162994799,0.8694762634781108,0.49690425099000723,0.1737748794586345,1.1202106094324302,0.7807389473629365,0.26239057026787316,0.9845200274727346,-0.1106354401651149,-1.088836412848527,0.13578223814261633,0.6544085236418842,0.037656550653335646,-0.8466458380346444,-0.42532872874282446,0.17841843336087,0.014169647718872493,-1.2910899780287133,-0.636464987342912,-0.4596975685339403,1.1045865422297563,0.5486892867129074,0.06382682021358688,-0.6043544821802199,-0.6930193983654261,-1.300855834836955,0.28799118615573505
162,0.915627935169351,-0.0880084283839483,0.1698782444744647,0.5380147084062027,-0.2815494547267106,1.325110220309199,0.06406432707530287,-0.2882734869384696,0.5014518827117416,0.8243794210629145,-0.5972505899524703,-0.9770816726904599,0.8366346580547044,0.2895143179031041,0.8188920136756477,-0.907449355761956,-0.551708606089008,-0.8668732144571443,1.249282904209767,0.4340187302450259,-1.382362372720068,0.595649368421702,0.8575312503869619,0.42219803177920795,1.0997305903178818,-1.2882234820313485,1.5828573673597397,-0.9667521119875669,-0.46217323648285735,1.1835160026423406,0.3249508453026173,0.3818513769197615,-0.3462314233061605,-0.29940246006516424,0.7954741019113705,0.6901459940589997,0.029909779802240716,0.8212088187352163,0.7822819811205541,-0.27279321833822545,0.8580620036064522,-0.8097059557399007,-1.45939727960431,0.5198033491269575,0.19919904160489035,-0.44614993344400106,0.26191521705397747,-0.96403847553366,1.274346747854988,-0.6629479928316666,0.4464116756311043,0.4814431854704174,-0.9650455105328841,0.41830536555082803,-0.41949491247160897,0.3407332318508659,-0.7825970431148037,-1.0573042980180147,-1.329320362596251,-0.5438416107154933
163,0.996729835840598,0.5686757366660993,0.21079171545529352,-0.3499605164715143,-0.4972811325436304,1.4999776916503667,0.30283164322432415,-0.6002472925900428,-0.8433741152022967,-0.06251027971041996,-0.2026123755921734,-0.39034733012816647,0.44892734942767626,-0.5382343926230113,0.40811657362642045,-0.7018274955263133,-0.8251945470140829,-0.9956787647266019,1.0920256439090674,0.6603932528073073,-0.8882613497179026,0.8242636391479039,1.242341727507664,0.4934222004520044,1.201175225103701,-1.6370209364120998,-0.08865419343628433,-0.7426675470226767,0.8621757560310914,0.5673103228810733,-1.1633040322953914,1.006326228878374,0.4998015002993602,0.33141846120731844,0.25977764438742135,0.14027799848954717,-0.6867345412203341,-0.17260636813186406,0.44876763725099544,-0.8603074657404648,0.2659431244773175,-1.0411342376518877,-0.7805837317210748,0.7713735208319215,-0.956109841483959,-0.5016580410631792,0.846194590661134,-1.1853770993418307,1.2598683367009125,-1.4343307149257503,1.2795207054176738,1.039449792604256,-1.0716799213918515,-0.12737798774569126,-1.0911351284137158,0.3107601660816023,-1.0086218378659273,-0.7193521952917313,-1.0258087326315017,-0.9866524021907725
164,0.8767140384073149,0.784149727926517,1.2047871072116354,-1.2218272971358293,0.29416383243533517,0.9702893651357805,1.000479309687182,-0.5783580087616689,-1.1940768656462015,-1.139275849697287,-0.055946687806734896,-0.337160975853809,0.7793681626708817,-1.2610912136922605,-0.6294435646553571,-0.8634985982658537,-0.8363123001720021,-0.221696263204201,0.30986360347126063,0.22278641960987428,0.4088155901555351,0.9737418553658624,0.8853720224533901,0.9508057263328052,0.20634602935240787,-0.40198917502357423,-0.706329196328555,0.46614832141132345,1.05946197567427,-0.5831624747455216,-1.211420510987727,-0.46238076525895466,0.7100088319645312,0.8207538841804678,-0.4616415242970813,-0.11412219180928224,-0.43019555035914264,-0.387407269049644,0.04998036602567775,-0.2842047931775358,-0.8877137141616859,-0.600186757848279,0.1821671567098581,1.0336064336604658,-0.5238799614878892,-0.5199488003019614,1.5314163713298956,-1.3906649306828287,1.1405697608177776,-1.2049688696275966,1.0102217190748952,0.7315309485761148,-0.5736490089957988,-1.0356365985012048,-1.078789076722964,0.3487776593171955,-0.8340833662524068,-0.503263691966741,-0.5322364773990336,-0.7089383809096702
165,-0.01920138315452158,0.04132783861296424,1.368168913607714,-1.103321615088678,0.6651242174415207,0.054670085931519966,1.3009445772451214,0.3678765786097682,-1.10177323846565,-1.102063496519219,0.5407662307578568,0.3988544912033381,1.3770652434249386,-1.4774965636712463,-0.6826997714643984,-0.15686196061319202,-0.5631517870964248,-0.39071159453016013,0.5589430773946438,-1.1815543081268465,1.4956611886260727,0.5170139812156077,0.5923148373613394,0.41511301302249154,-1.055042653489881,0.2506800009321234,-1.4783776372578996,1.9379834664479754,1.5129310853312263,-0.5594148169552182,-0.21096012008678214,-1.101115421797311,1.113900797253506,0.5350470268679031,-0.3435104828145982,-1.0844104257833787,-1.4083664510510174,-0.8577078421456337,-0.7161237750698268,-0.9643378588774232,-0.9346022137653995,-0.881709988279574,0.42404728848771794,0.5072864110914882,-0.12683177920751562,-0.751781754671036,0.8699563549797711,-0.9571195058974643,1.2060079936011538,-1.5965716416923597,-0.12688065899270193,0.45414690270759295,0.07904613953067408,-1.238502583866573,-0.2546381194910969,0.49442939036381867,-0.5049375369751301,0.30835497146334356,-0.6654411350686447,-0.48078081510225135
166,0.29725807244912383,-0.9727669166135705,0.6930341033307801,-0.6528105517841001,0.9823842321663498,-0.2968540246107666,0.6253194977926206,-0.002960902281531331,0.05203183362547781,-0.8291819696434066,0.22249869383872517,0.6972734477275152,1.0839499897335874,-0.4936800597332984,-0.36789483713671833,0.042074522319253765,0.09109939400886732,0.3711291604691053,-0.19891458258572445,-1.6190960301852821,0.65441248362728,-0.5049736298361378,-0.5500464702269191,-0.009988855275011532,-1.062310840017254,1.1155679472354874,-0.03039844690675969,1.178568360564158,1.127153900411435,-0.8552264950891497,1.163775863475566,-1.800383611224236,0.38226944518164374,-1.29123077536717,-0.49647875523439544,-0.9785303905568064,-1.2474677200705009,-1.16394544364965,-0.5267908711387914,-1.1410368553553643,-0.7249944765110474,-0.4654212818491903,1.1873525043538704,0.7300084394611389,0.8286075392805486,-0.702095065009789,0.3788421136807889,-1.042470422765065,0.43800197256657863,-1.4297289441564354,-1.0107528913493071,-0.4998855242838478,0.6106281900291569,-0.8220193646287255,0.5523431346358214,0.6544496287962693,-0.3878928470775363,0.9302637314760946,-0.08482242000112036,-0.15891923609389041
167,0.06722700214929817,-0.8151009966217456,-0.19391726354931996,0.23138086659532242,0.7269024540206594,-0.36195397809192364,0.048176053498601296,-0.020295686090087917,0.7842631974826593,-0.17666714363753283,0.09776742364733906,0.6494780865819022,1.6408721246979816,0.7100830965441498,-0.6596112973553134,0.057312968382790125,0.4597538208685819,0.8734270568241281,-0.7401786841685868,-0.904849301566354,-1.1212015058536728,-0.5244088870840693,-0.7007535905003164,-0.5800551426568545,-1.4818896854154304,1.1851932188356487,1.3011883864720215,0.15422320465191358,0.8239458970569347,-0.9836085862401475,0.9199371490966851,-0.6679517882630222,0.5660285421372576,-0.795112194468853,-0.3588860250761339,-1.090863215232869,-1.437978717573615,-0.340135963466029,-0.740439327283726,-0.5704095570574812,0.13148221437480415,-1.0639618439679812,1.2239823554954907,0.6042249375143105,0.8707667458163415,-0.2601063591123759,0.1173069321110739,-1.5259709722335901,-0.11278283872446515,-1.1309640492670803,-0.47988018329481763,-1.1178275218323865,0.7662059126870356,-0.06541728042862527,1.1454357568967626,0.9994927901432676,-0.045970767950808546,1.21272456396261,0.40719756247433736,0.2639242344580541
168,-0.49879617549615224,-0.19792868729980337,-0.4556853860205093,0.5489626342259171,0.7012927911102769,-0.4580327531325293,-0.5019056494555371,0.051909574844498194,1.289711689460277,1.08306410447769,0.17044830179451292,0.17024189472006485,1.3192738834669044,0.8467277073244857,0.14527515448220185,0.19199982391187728,1.040689305909872,0.6166908743736468,-0.8880171652137434,0.5348502585024899,-1.0812118371814303,-0.3843382812759245,-1.120151135746275,-0.6085824836145914,-1.096560856500228,0.059057674053292625,1.6365867418444875,-1.1735659163830194,0.6804979546697495,-0.5836107767635303,-0.027929878673434563,0.5266969407808237,-0.3773352637816153,-0.33121020561746845,-0.20228508726832767,-1.0313082022672204,-1.233238003759104,0.9267678196897999,-0.947169632428949,-0.5625394678490568,0.7178922432529647,-1.0693365404269803,1.353022630817451,0.4081149432462351,1.0755779943825035,-0.22349200677012454,-0.6570636491116553,-1.2494155553122595,-0.9758328841056106,-1.2887489776962917,-0.07179435798866157,-1.7344102994560688,0.36160041007926785,0.6139569368129076,0.3432317073174581,0.9425930490810984,-0.14681526302417078,1.6616908748855297,0.9657594073132616,0.42330601356206543
169,-0.33112451093224093,0.44847929506368106,-0.3664531468594977,-0.5071073247308704,-0.20370258038308023,0.7441857524386879,-1.499610087308657,0.22505377240920899,0.3335253512749417,0.6341441322057149,-0.5510878938399206,0.4081991665435906,1.6136150103856601,0.9385152828965295,-0.00799466099390271,0.9379165107172263,1.737707081451874,0.22301419846774279,-1.6047953550637588,0.5184763857806813,0.2685776847178415,-0.38692297267497644,-1.3071202925566758,-0.19134704935129332,-0.9185820267734993,-0.5769203879497715,0.8814683769599291,-0.41237088908077757,0.4757378486034721,0.21743918087802383,-0.8504078416917781,1.1814069192855616,-0.5642177974794174,0.3920305206064314,0.8706333844333688,-0.5409880287257531,-1.3070301322852913,0.8901873195849311,-1.1286485869831762,-0.4389384723787707,0.8363098000273919,-0.3775029719348232,0.03138265586589706,0.493169131611258,-0.2631873793034922,0.8274264490345481,-0.851621058683889,-0.8085759555289401,-0.8833691800605505,-0.45673392342655067,1.2087653214482068,-1.1338268992830123,0.19516958387026084,1.1300417986186262,0.14091045078313386,0.7162841182322247,0.6688909753353663,0.8930166167843563,1.1059508608549011,-0.7074767849540862
170,-0.8459199788944625,0.39079811179685087,0.17213607381813756,-1.3804681979837907,-0.4300733608421173,1.2021549176288524,-1.4748673417322025,0.11519444406606444,-0.6947247546839213,0.0384406289234292,-0.354603000961631,-0.07714572507854207,1.4374105027779216,0.6857310081072585,0.11096943973064399,0.7756719286909867,0.30084313794333917,0.25791108758383596,-1.5045998488483752,-0.7582436002180849,0.6825669426623946,0.27617317838206795,-0.8778909577222774,-0.19073306425207265,-0.2138862647448454,-1.5859661649118129,-0.12012953304009943,-0.04205497989159179,-0.2280859516401545,0.6508644056639645,-0.8637102077320915,-0.013570318687316285,-1.0229714471195894,0.7196867191415712,1.2220118506155004,-0.17543042346385146,-1.0652480068980374,1.3617123280357748,-1.0839795445197542,0.20168228958007883,0.17867301502064178,-0.4787318735357666,-0.5438342302456919,0.33289470917787345,-0.461177748568272,0.7724240835013582,-1.8579705816668004,-1.0400680930309514,-0.8779283034355455,0.05349797054289237,0.9536700837243951,-0.4306338098994273,-0.6142446080004731,1.4629581824778641,-1.0718409243003513,0.6620709298044309,0.34177482363401596,0.6466145492397922,1.0868153020287192,-0.9980733174858123
171,-0.12368632087245357,-0.7388919729541947,0.7040244322759217,-1.507486548263067,-0.43368139032901165,1.0705718964793614,-1.2831693280640692,0.46146817170247056,-0.7992963551044934,-0.36735969859385065,0.3496881519659101,-0.3100826993864726,1.0996349619460744,-0.12945564366722942,1.3010246355588986,1.0904713519362363,0.24060405739479926,-0.5994092736425558,-1.5010115637876476,-1.1812862978137586,0.8020035669791612,1.4326041499549265,-0.22420276886073026,0.49859502016855006,0.9786317641644213,-1.2781409959207672,-0.8900409790202738,0.8113564765666442,-1.0010489043116926,0.7106478478022812,0.038431568376708136,-0.951545601807897,-1.0655395809660129,0.3264294861459055,1.7083248704647214,0.35754988584087943,-0.815857379274483,0.8088842610181202,-0.8231272398918116,0.30751689099493495,0.021392723937328828,0.21744394325469907,-0.7675860373274389,-0.06722568379715846,-0.4401584247325592,0.6281875871321598,-1.62402388856404,-0.4647067972829435,-0.13566879373254292,0.5180903685816589,-0.3526682758170961,0.6222100173670626,-0.7789709127392013,1.2226248733081024,-1.0769748552321174,1.207177525645617,0.34453220111050104,0.10795219594932179,1.235280180587146,-1.0640451757753866
172,-0.7096048017870059,-0.7351086658824934,0.8405087719655944,-1.2555549989120602,0.030223756271649596,1.1443197713375328,-0.47290525338101175,0.012472717964847668,-0.9306612638589288,-1.317801039807296,0.19908001205171438,-0.44312062305367633,1.1394446701775482,-0.9849862645794164,0.7501907237224654,0.8605831685759063,-0.7870529385788037,-0.2465082981215534,-1.3373180057489011,-1.2741327441518266,-0.1065780320872928,0.943407345067543,0.3515057997139793,0.6370185081364713,0.8127890795710054,-0.8698524565931249,-0.47987111007544125,1.6016053219591055,-1.2289028442553769,0.5767339045690563,0.8593319119749364,-1.751242368322,-1.0164868250942078,-0.5408142353290949,1.5357280058918197,0.7147298562499994,-0.9852586452506853,0.1403744850391926,-0.885455219624162,0.058428064754811715,-0.9487963150791965,0.12114538552610266,-0.6774695790182678,-0.3246283790736937,-0.21169999608114515,1.210584205288901,-0.8805672008883079,-0.3896061744707065,0.25521024259278335,1.4571779741375677,-1.2756149489492967,1.1656845883481994,-0.5587772540371756,-0.22781232350908212,-0.8571624102615307,0.543239839960019,0.6536923294984847,-0.5911323994655676,1.1337331905015187,-0.5413582837540794
173,-0.8181537405709501,-0.5097287991174956,0.436154187367799,-0.1013044102014785,0.5459286331246244,0.7657470215919424,-0.6425797407742364,0.24542566015271702,0.10894709493719362,-1.0477991265214477,0.6322188027741501,-0.7193710664479396,1.109492415614322,-1.331575682407821,1.3620432986739954,0.884677399317632,-0.933968195595527,-1.1356395775638508,-0.9798627380826705,-0.08142765431496979,-1.5879891377031448,1.1076856799899748,1.3836251435813716,0.4154360234239273,1.0608410806695694,-0.4399661881840877,0.7062569261185643,0.13357841386268185,-1.1821133431923463,-0.2318981347705193,0.9112658479457901,-1.2583570294855326,-0.2138642515412178,-0.7452743591778309,0.8899474995633171,0.7355197521857197,-0.31287373872999746,-0.6003048406770286,-0.5612561111475076,0.11714506102224959,-1.1797809579165244,0.15333691822965195,-0.21524383270556852,-0.7035571228867947,1.063857612149964,1.1216431378962626,-0.881200918075764,-0.11005373433703378,0.792054205462621,1.1133514842946235,-1.0969794800705952,1.0963635621840582,0.03468172825255736,-0.5836022723693244,0.25931400712589403,0.324132658291019,0.8734290425959377,-1.100230696037038,0.8059576215820583,0.2874263533897966
174,-0.3262392646781898,0.28657908837525703,0.23269485711641216,0.2617559649100046,0.47867263470195326,0.8728197132306426,0.2113945201467521,0.11505056084707126,0.9110684144121028,-0.7421444277820632,0.19914644150659203,-0.6484182467741253,1.4565310778428333,-0.666183382041694,1.230682549062323,0.5427841137387269,-0.7895959789481785,-0.8956541077281212,-0.8146550393726631,0.44671266046956415,-0.5946841689598994,0.5444727905074807,1.0832069600450451,-0.1986318221624958,1.132907274988952,0.2368034954635923,1.4752627732067691,-0.8678576074602532,-0.8665694241933877,-0.6407751926460314,-0.5140618778377474,0.03330983178125482,0.49882707033211515,-0.31288274216369877,0.48166832133110654,1.2414036250676006,-0.1619373448881957,-1.0436984966547396,-0.14496844202814255,0.2061286939697078,-0.03493420819444987,0.36548313199164156,0.6200689855901995,-0.5406614639894928,1.2335929738357558,1.0299993471678737,0.22430256119169828,0.5772056483251247,1.3185644315211924,1.7187760712530684,0.22699765429747948,1.0452496466873777,0.17257767984184963,-0.9610619431822254,1.2728457133585978,0.26803579847815834,1.169032093368737,-0.37365668829165105,0.9260992129150329,0.3215250654262772
175,0.017451393486088373,0.8717897009510911,-0.28138023708036874,0.3007304931404275,0.7999355430407177,-0.5632053536128246,0.9451233900058167,0.10767816689071476,0.7517781330070717,0.44034540862780047,-0.3272774372087174,-0.7257333284997181,0.9089137640065093,-0.1268432479294357,0.33391344799491574,0.21386859974922712,-0.6121443448704342,-0.8136785650667839,-0.4034553277771568,0.07024611969287417,-0.131749155261226,0.08725450700667431,0.8891152580430645,0.03491869385458657,-0.1316303527052884,0.8424322006111079,0.8100090991503506,-1.241249379671779,-0.3747939030091521,-0.9788917652213315,-1.0671702938638457,1.0282007455101438,0.5184563191477662,0.07146940523451639,-0.15855610346165505,0.9073829200475181,0.40344188498649636,-1.755164782421351,0.42663923324082775,-0.005223516382017429,0.7960669028703222,1.3157091168545774,1.1208668975818323,-0.9206349924389159,0.6129702363995431,1.6810924137415888,0.7932301428767161,0.5534885470099254,1.2690986885822293,1.0432128030937715,0.4527231116634892,-0.3409723727772185,0.7138315262378423,-0.4200401088686691,0.6362214140826774,-0.13737547546072923,0.9008750181285314,-0.5157321175006763,0.9973484233918232,-0.29219142498193756
176,-0.028144422639752975,0.7191909236686287,0.09622092896155326,-1.3172547892880606,0.2628630046100349,-0.07416904608520747,0.7785348047892757,-0.17924377854324303,0.20018576574532568,1.2089634968554936,-0.3819874501032829,-0.46650417397351507,1.0943810432479073,0.8695135099851947,0.2964833861743801,0.025355414457864767,-0.06819884273052775,0.10493638996671364,0.30861681222963144,-1.244891451704007,0.8641455282385788,-0.4552913136100659,0.607339057112044,-0.5466929135159562,-0.21499285884922562,0.9514577719354955,0.141021675733793,-0.10247570807884382,0.2175704617766284,-0.6921405807643781,-0.5217234058501519,1.0115736232597208,1.099209091964211,0.4383581993217345,-0.0654195040338944,0.18629298636462882,0.5979545959083821,-0.7424493472975108,0.6440176160141821,-0.718319571275016,1.2285385178268187,0.6922323790789127,1.4971176439768579,-1.2337173804728496,-0.2561023768057912,1.0131202101716,0.9953826482129378,1.189890354956077,0.9092176705840089,1.3975410923459788,1.1357386864561052,-1.4467979538279723,0.7792765736595949,-0.5787500150414364,-0.5816706329475072,-0.14919266581470228,1.3076044466696077,0.3209469289255876,0.0496420162278704,-0.6296888115405864
177,-0.34807987687316405,-0.749374693992964,0.17009347454782295,-1.3265501628148677,0.05580833571648336,-0.26265340455465064,1.3209322917145405,-0.252698244477202,-0.8076961652224801,0.15008261600280592,-0.06490724907877057,0.3969356413520588,0.5479126909116705,1.374312020638682,-0.42424210960546893,-0.020350609952383674,0.6001776319042499,0.6245082507081826,0.6386170203622172,-1.365332396296571,0.7186414641598625,-0.36985020910074207,0.18449246259105023,-0.3178404578012992,-1.093925153344569,-0.0076907384387415335,-1.1000036943422848,1.359318201464747,0.7980073863553648,-0.4602129990339955,1.1234753152582508,0.13485655831871612,0.9950648300186373,0.021448534927773627,-1.1738593576208185,0.42623239198221125,0.033962468710446614,-0.16177108628216802,0.9276419100041032,-1.1674307245454407,0.7514375259491427,1.3070546230105782,1.0274520026570302,-0.7330852177373122,-0.8024253883635348,1.052936298888651,0.9186032875112407,0.48118645792384024,0.17254852357655773,0.5585631275573977,-0.166752848284226,-1.4381756259590952,0.5296147658005979,0.9288995360137041,-1.1029280512112125,-0.565453979769803,0.8397507084562006,0.8816100295776216,-0.09598278258917248,-1.488628470693618
178,0.29871037614887985,-1.0734031598024631,0.8882752122595938,-0.7195594127616994,-0.06969857541537816,0.27972006717733866,0.6437857999776031,-0.24757874454612555,-0.8622177962113045,-0.2458629161475324,0.17023136553059942,0.5957029162579357,0.8719293075337321,1.2092987073023496,-0.8724548287937737,-0.5382890805741171,1.1987374761138723,0.6560827648279879,0.8868623587071327,-0.9181538188429104,-1.1557021425297496,-0.24026228966220384,-0.5353390759283542,-0.05013974577650285,-1.6626207974251315,-0.6234946174534094,-0.9384784311171748,0.9001353209930101,1.8646033995978597,0.45719148193390885,1.0579997502384675,-1.1139626521420474,0.8145138451184042,-0.6505854919397244,0.05765079382648175,-0.8174840841497495,0.5939347777183509,1.0062139294148025,1.2672288661861735,-1.3046369967715918,-0.582168283068119,1.0198448580587156,0.6961575011170134,-0.9190964710088256,-0.29487711218880325,0.9838036835973151,1.1391528726433962,0.6151041492696523,-0.2974819647370844,0.12376648093021214,-1.0039116860107276,-1.035100939291918,-0.08690072450848879,0.959768713152953,-1.1908263268717005,-0.6361281407785873,0.5492951790141427,1.1920050201955192,-0.5352455478567133,-0.8134474894352715
179,-0.14129153557063112,-0.6990737861014048,0.6820625215733983,-0.5006164778784468,-0.21441075904216533,0.7015796318335947,-0.3085748634263719,-0.30299579324192816,-0.7865505194817172,-1.3199510507473766,0.626205029740253,0.8076378479692352,0.21614116257373636,0.4412606893778419,-0.8286383280937838,-0.7075493955484015,1.0215180313042402,0.7030695686974957,0.552885176410719,0.5180814629906776,-1.2910932992093305,0.6844841870171614,-1.119026429631037,0.02462590021686492,-0.8331378447491136,-1.5491465743636463,0.6206362968511001,0.15603765353313584,1.554555570608935,0.585690637752631,0.6567981661985443,-1.4472879098888471,0.07977509899761555,-0.691295275380258,-0.2745189114465675,-1.2149176939047264,0.5894094180952378,0.9999590177408892,1.1444385712634486,-1.0078091185770062,-0.6564942956857927,1.165672200813231,0.11257571474282829,-0.7427047917802625,0.26022044570050346,1.2053553390526228,0.7236152981822851,1.0613610510082423,-0.9694441192019834,-0.04959487481598218,-0.3950944629883307,-0.6391450780338299,-0.2399156697308768,1.9044126770771816,-0.7963907962217633,-0.8080207423808675,1.1014786047191403,1.1343068586610658,-0.8898765181740149,-0.38837026288916865
180,0.956566211202545,0.017735783336659372,0.8565140759315699,-0.2818022504240725,0.11591499897530508,1.5171253842571852,-0.8291710543962568,-0.2985652025074113,0.3311792226108096,-1.237702622347846,0.6799630995920495,0.8148185764939532,-0.005193120737527812,-0.312425791440034,-0.5927020188188393,-1.041391518581972,0.4362683311917093,0.4267115757651586,0.8165607042744363,0.4847042335347135,-0.33779192943804226,0.8909860557265502,-1.3758528917407435,0.5192683916725552,-0.554320360610582,-1.3746510443509563,1.4798348826438439,-0.5528952252329147,1.4692277994214926,0.6044073012481517,-0.9578639228700842,0.04477286495975108,-0.028138003308588955,0.1869041542986823,0.4228638461355037,-0.6689825305938142,0.3127204010964897,1.158480292905544,1.2560881895056992,-0.9118390903465448,-1.5539796195721363,0.9242592690679117,-1.4504130951020149,-1.0993704709745542,1.3234889473640088,0.9788229053512082,0.5198669710370301,0.752048226145287,-1.1697266866040348,-0.5950475199289512,0.2611029842256487,0.3933602716005433,-0.9512143295801742,1.3780858487727115,0.2663935101647794,-0.8561756138394646,0.24409483208054383,0.8059137779699557,-1.12293925705237,0.4321243961120184
181,0.769003269086864,0.7277569770862778,0.2594544166196535,0.29052078197976894,0.512521915949624,1.7782687763556648,-1.4926282525891614,-0.8659005976301606,0.4868649175428312,-0.8318079902325759,0.3400535409427167,0.4369139338529876,-0.45019615793972056,-1.1952281464309726,-0.3995106918546382,-1.313348555558487,-0.32288092932323975,0.131313678350728,0.6748892252598191,-0.1118960300273998,0.7898802582524881,1.7215254386179337,-0.9307893272957314,0.32371722535046815,-0.8253810017929247,-0.8056086722073106,1.3621051687145398,-0.9652586856788623,0.13256464298521486,0.19678918129132753,-1.111804081779473,0.5137999801839612,-1.276292265082041,0.20205054815180257,0.9708280289187139,-0.7706344063192686,0.27313968430168306,0.5783111202802462,1.144845516516386,-0.8333948615675175,0.08966304447174861,0.8173982481548706,-1.2879419982227598,-1.0182641795468104,0.7787006345675398,0.41701911318298085,-0.05842025640475906,0.8932496271623596,-0.6469163302466777,-1.2104666455861277,0.891548683992343,0.6816607567488151,-0.8915672327760165,0.7782055120310498,0.9063067510157271,-0.7860861993533108,0.5484501721595065,0.344958741265414,-1.7315313825257082,0.06997927321468687
182,0.6441299228587534,0.21056426971427875,0.31622663758209946,-1.012552236883947,0.6846749597339233,1.129393751489493,-1.8413767333412705,-0.6669219057086939,0.8504985272293091,-0.5960585404175323,-1.0611032509596228,0.3438067480039323,-0.2020887594832135,-1.1789880383383973,0.4022841584517715,-1.447420951745713,-0.3800676877685053,-0.07552614694646376,-0.32323193118745386,-1.0566454056138455,0.814375433599796,0.9226661455605729,-0.21165632183445737,0.30837911855487915,0.7748001981918042,-0.27476780250025257,0.18281874051667765,-0.028737319577454443,0.013340686302874244,-0.2370769525953826,-0.06293386977490475,1.233554623791418,-1.4367373716307958,0.4097024213473396,1.2202889677359285,-0.9854902797497274,-0.22762664924574771,0.25491683404628007,0.7281194644854818,-0.5548756216058217,0.6325399236787048,0.2618623306991987,-0.5730905731463504,-0.8874999222131501,0.6669844128006563,0.6828859304792152,-1.1429031606627105,0.47829704961106195,-0.042662479812703595,-0.914975427964936,0.9614938824700424,0.988199639624529,-0.47820060151163646,-0.08978518741746924,0.8714963710171749,-0.4139109040194448,0.4968613618947816,-0.3402804603878331,-0.9807339103411684,-0.9189534347464139
183,1.4327380359813977,-0.37816012900147267,-0.15672039806514448,-1.2335570212280105,1.0298322769917112,0.674239527601785,-1.183363096951716,-0.7601573353814661,0.5845597583862484,0.8205626647417844,-0.1113727425989765,-0.11005407771776086,-0.5599208397904052,-0.436162906047308,0.2063633692642815,-1.0741235890318441,-1.1788322265100832,-1.086652204526169,-0.05461603137186827,-1.625019809315785,-0.027531699212089436,0.2386595624507887,0.36549027607169526,-0.2121413758957148,1.2643732169175386,0.8611996354280087,-0.45777025283631534,0.7560609704160979,-0.47909320875376615,-0.7656274771504852,0.8469087941716468,0.3265041623292378,-0.9687868227606643,0.37069041593130636,1.2468620598620785,-0.6395595372780494,-0.26492878342442694,-0.5972839425780713,-0.11453548879229936,-0.5121018020187302,0.9660112018082534,0.16119165352477782,0.21545860824870186,-0.7677322308557769,-0.23007658789056837,0.6078802364844298,-1.1023468343739138,0.6107987414021905,0.833128885628489,-2.1467281707505377,-0.217957871786866,-0.25230901646323234,0.6609975837342805,-0.919321619600755,-0.016425359477101734,-0.3151720127153028,0.187355013665291,-0.29124277773328766,-1.260917088469402,-0.9744644159629745
184,1.1838323523148597,-0.44127231863640193,-0.34148597114044454,-1.5783972246040938,-0.005120110539064249,0.13423406775283037,-0.8345891410929754,-0.8274318924258866,-0.3757915468452939,1.0536787235641132,-0.07364369513335303,-0.7919096850364578,-0.34971994633166725,0.3358239935056643,0.6612984088098794,-1.4359119802250988,-0.730098583299196,-0.6570262548101541,-1.041270817104086,-0.12992380390301356,-0.9068635977926749,-0.05903645392088655,0.38727386331578967,-0.6201477708127866,1.1566005344247603,0.6703371997706042,-1.5461532553807897,1.3547738108250076,-0.5952291475452436,-1.0025951993081788,1.1930527815662169,-0.9023427458891665,-0.7453589658603949,-0.2122849082114877,1.812756897479464,0.23317778252001123,-0.6136165135354927,-1.0936939596250497,-0.004917503814910323,0.37743766776375987,1.0160572369533105,-0.09048774859679323,0.3112091327405142,-0.19482976030618243,0.17306724186362588,0.4671583158882915,-1.061755081864338,0.004519710040651298,0.7976636583900604,-1.441433074260213,-1.1754481291825627,-0.7206454762415175,0.6530020869079847,-1.120483330655073,-0.954237095519785,-0.5122818344951148,-0.5343357240606577,-1.105407236058601,-0.41458512213791954,-0.5564134433772621
185,1.2325992803053953,-0.4433948210329889,0.18406906505141846,-0.7583467136810547,0.21141370203786253,-0.6559893070402325,0.255317832434057,-1.2054912326488154,-1.3831503264439735,0.168406651551417,0.23788465006252732,-1.3082973665781816,-0.5891065446524232,0.8308999797623424,0.8580873588434873,-1.3284901178136683,-0.2867486279164514,-1.1727546449685762,-0.7058993716888784,0.8755275538734509,-1.11530422694767,-0.40669288395752085,0.7317533397896209,-0.5898511338775718,1.1303369892563127,0.6743162486901135,-0.47995294676325573,0.1280970717269158,-1.2995133828088186,-1.0381679053722044,0.3131705486352002,-1.5429086970419394,0.0020219433672948803,-0.8795289214675878,0.9231524243779223,0.6471241691391373,-0.7282123520675413,-1.4312214343390397,-0.6586200511892227,0.7576333889629887,-0.489512775234698,0.21957654261196036,1.3248792315031688,0.06265003856827955,-0.7996257501126068,-0.1229500676135803,-1.048091683685782,-0.32364654102026674,1.242813809985479,-0.7570817873455002,-0.7900761406417485,-1.6346295497884884,0.3749204757388452,-0.48179886918995174,-1.251997396257342,-0.37407884231663907,-0.25795706778626915,-0.3421070418941242,-0.8791732056221346,-0.42909600478206
186,1.5427024976343777,0.5609993468599773,0.8822385927597459,0.35667945403498685,-0.5851752669059072,-0.936862271788373,-0.19797878225460053,-1.1397438782119143,-1.2883722077370208,-0.6355999853711582,0.4286780722101611,-0.9960975396532258,-0.04498384247816278,1.1313301913081126,0.44964724538675993,-1.2804435636530256,-0.3761414512031087,-0.7609873637647194,-1.642050666409553,0.739368182421013,-0.1874870679935156,-0.5088826123114465,0.6365381671990192,-0.7646899903967788,0.22562356355216692,-0.372675811166566,0.7787582861255511,-0.6557121095555065,-0.9330771937554881,-0.020414447697133582,-1.4851521955776448,-0.7742427652273214,0.5571573557849892,-0.8848181697766888,0.09488888033666214,0.7113225398817924,-1.2868573561126866,-0.5117742233204252,-0.5896993800427883,0.16962314369537304,-0.7785082228610696,-0.4507232190503865,0.9890950752354541,0.06732809743261986,0.30040199053334626,-0.024040098216494693,-0.4603131261906072,-1.2712872147839214,1.33677693698607,-0.11446189816288732,0.18251194594871,-1.5026214236046964,0.24315361726061768,-0.13082519125083636,-0.5790247205190016,0.031704086658228214,-0.6349723930446316,-0.4861569438555481,0.1531439981524731,0.20071812851080117
187,1.3802249750140014,0.7541498107055612,0.9825993621746411,0.23714501386432862,0.17802146176852268,0.641927444269453,1.244960005473066,-0.39832079679874344,0.06733846202954376,-0.967551858324355,0.052729377883662276,-1.1362709321791058,-0.6353976161049655,0.8151083908986266,0.4131851916810348,-0.832096419056492,0.6338532951843543,-0.3368112951011947,-1.3758235103483307,-0.31927750621080675,0.9085777632320529,-0.11827272768216107,0.7791688593831145,-0.2568885783893858,-0.15284094742506718,-1.3079136513110396,1.2627374998415752,-1.267791170783344,-0.7696496577164155,0.4768881935931214,-1.3524778339859231,0.3840599327303596,0.8282091187341947,0.5649743326301545,-0.3644159528620941,0.9943215412183088,-1.0759100494173421,0.24744789184810592,-1.1137629629638164,0.276236135554691,-1.143987952110109,-0.8602401505672921,0.8798883393177642,0.018879396513915573,0.8413541475096169,-0.5336711289268197,-0.3662480504950044,-0.9376463399512237,0.9266356878194816,-0.32125498403649233,0.9771408679058567,-1.0615807350647604,-0.599305869242587,0.9644025898227698,-0.002302116344036117,-0.11783791113065037,-0.8368303500655211,0.1398775349058472,0.6794433069037227,0.3826221440489346
188,1.0021761706862196,0.3615351944374875,0.9226727357142925,-0.2268888230734257,-0.2384612168998304,0.9890231418142206,1.2966396991132358,-1.062644493371603,0.6183602665742733,-1.3691384779615896,-0.46517037077196355,-0.5850812186191614,-0.27994916418126603,-0.2116999912228555,-0.17849045447748757,-0.8707633691130781,1.0567890751341975,0.2840584611814033,-1.469913854962159,-1.5232634495804422,0.7084998024600926,0.10016487821843723,-0.18260704135897257,0.09044326940336153,-0.6245371207425565,-1.4039803682010492,0.9255896139887946,-0.34158252776685655,-0.36177342338111085,0.5463808687936442,0.5850558895370983,0.3814982882926702,1.2528914913433529,0.5157424588363189,-0.4722638713906738,1.1012821718756245,-1.511389711109706,1.2015446393699418,-0.8783075754792046,-0.2676649384126075,-0.531993128626567,-0.7462323032780251,-0.3122427995190004,-0.212841876541237,0.7841017832988855,-0.10131200055441791,0.5187258833945574,-1.1282608659166702,0.04869605074435329,0.36866844051067554,0.9456044168581664,0.041130253309470066,-0.6756759377434095,1.332899667736891,0.6609930378202692,0.5118417110552528,-0.7235100991666324,0.726516180345096,0.6945352374538329,-0.5331440215404891
189,1.3200288225943717,-0.843390595302612,0.1661823763148672,-0.87992934165283,0.44492132907776116,1.777909876128733,0.8805027210424449,-1.2171268902312902,1.0675576402193767,-0.3254694699953235,-0.5256529683799754,0.04521775244556542,-0.16567198576944187,-1.1031118116694996,0.37761401102006786,-0.5264327399648456,0.8284755301162758,0.4463228264873574,-1.1586066104400043,-1.1711999233315455,-0.6960821270829478,1.0189299912364183,-0.6040892095703115,0.4276202474056816,-1.6737210466099368,-1.3583084497705475,-0.27666061775339007,1.0694194823509655,0.3807629481078582,0.5905401068852295,0.6726862705704224,0.8646596723525324,0.41489313656946775,-0.010257475772258884,-0.6851579267923252,0.8286838758917329,-1.4998951405589147,1.043737781662476,-1.1522537559070267,-0.06025082983010374,0.8002951326233123,-1.4335940021788525,-0.8134414275099825,-0.32580984375160527,0.5000681224169432,-0.6079417001282934,0.5823133908586349,-1.0920318002614302,-0.6180576013475092,0.7196424631061432,-0.5540145825876807,1.140263367070662,-0.6882558832232711,1.6108291713724485,0.6777501301835936,0.9440528312683762,-1.0064674536901506,0.5817327696113073,1.1035739579578403,-0.7530751752083268
190,1.5202554920756908,-1.0509236082708484,-0.5227367445525899,-1.516947945766824,0.4503668135788986,1.5490813197798696,0.9992526928641441,-0.7057575498828467,0.18798177907768016,0.16291778123610917,-0.6762264480706217,-0.21107514865541283,-0.08240915992398605,-1.207960667251646,-0.47595509405486514,-0.1960753158817827,0.19920043739576831,0.4792721004312133,-1.0341334881723672,-0.5263307066625675,-0.8300266771620785,0.6846298159237245,-0.7256373431951939,0.38096610694622424,-1.01972025716099,-0.9253535090336614,-1.084108492323879,1.0400928274054375,1.2375983517186895,0.3045244355436676,0.9025507107650578,-0.6692669494338982,-0.114545800254784,-0.5246564740544505,-0.1139676729157949,0.43769609821735567,-1.324483430238854,1.1710662682081507,-1.0740587935766197,-0.9653360676305314,0.8789635723925979,-0.7955246619850486,-0.7388588233642469,0.6384448666789635,-0.37598630843057623,-0.054826777118188896,1.319120789731727,-1.3668448657958032,-1.0565526471106783,1.269714332167619,-0.8366742541980494,1.1741104904510615,-0.4323008715410923,1.4830342583646834,-0.0539253427777259,0.5579845851355087,-0.5488000902824242,1.326373534729397,1.1856620365102557,-1.0838018115279053
191,0.9777403080288574,0.09400785570083986,-0.4595009671621647,-1.0508621876786193,0.38984464079186504,1.4113626306856182,0.018233104611282552,-0.8838958571039633,-0.46328899714471794,1.038057893783261,0.07354318881111224,0.8766384095900861,-0.045077692234000516,-1.0095064079240015,-0.5214448216190858,0.105952781515016,0.1552465167800568,0.37185596132286297,-0.8219650211661325,0.39450394076161494,-0.11641413702573072,0.29924821448764394,-1.703551598787381,-0.44800121439479257,-0.20995572738277757,0.5232506486980184,-0.721482264988153,0.3418615800402286,1.3103225165897625,-0.6673182987783651,-0.6667445377031966,-1.2582136626432945,0.13340673926990407,-0.6144660155037219,-0.25490716463819596,-0.17587495188289032,-0.933056866982358,0.5267463736660081,-0.6845092329146718,-0.7955578933131284,0.6671531409121125,-0.970482522834993,-0.7299019044138753,0.6889463781414881,-0.2922964480130699,-0.182361505589068,1.2259811998704464,-1.011570266930955,-1.1132030830219384,1.6378342298165751,-0.44001457486459494,0.8493664533732442,0.33498837695178696,-0.22847313358636204,-0.7087928249606485,0.3540528339861918,-0.5256701063081168,0.9776599048392333,1.6533172608594136,-1.065520283216953
192,0.47260539420071024,0.706297948287796,0.111829868892886,-0.009804799903841255,0.12017512292718718,0.8297971278855016,-0.8710893142154053,-0.9131829498695988,-1.3037643770652494,0.7135998865247957,0.45052612637240647,0.8445632360408737,0.023400994970035116,-0.17592657207387702,-0.6781270004126536,0.6021506408068141,-0.6853491545743006,0.20369077074044906,-0.20547039847288556,0.3708350584417023,0.5383978264099749,0.11252749471659008,-0.8081024114588439,-0.19639169136548418,-0.2839219191613438,0.8761939580675724,0.7802184271056636,-0.6574600793623621,0.8088393245074725,-1.13439390191392,-0.886735829705486,-1.214973215242166,-0.6577764431432993,-0.48529976034909306,0.6833520138216264,-0.46874107607576887,-0.7248033043236084,-0.3989041239894833,-0.7165119955895362,-0.9993152063953173,0.07781658164613833,-0.7615695826669504,0.33224471624661295,0.9385665530439796,-0.4975617559207369,0.4359098029145741,0.9766391640739241,-1.2159795411575731,-0.08424187480212775,1.3820619959964935,0.4711642714266671,-0.1195876368854685,0.9355978511474339,-0.8363934293152366,-1.0086144335141773,0.9781166448525799,-1.5746688233709354,1.104110338094135,1.2048407909152583,0.28618414925547364
193,0.12411497755901019,0.6748208747662515,0.9917304902481586,-0.10110016317429371,0.1391623906359043,-0.19017563988919345,-1.4348311320897849,-0.14911330286381907,-0.8005554844502429,-0.2542397836411854,0.7323972982270167,0.35946220634268855,0.36168794674883964,0.9702475783910708,-0.679871689539632,0.8398522112420321,-1.0807542986364773,-0.14308455313172458,0.2806180944309846,-1.081563382404899,0.7416033163373874,-0.22715739223346199,-1.080161690343989,-0.8739053484643196,0.32751249951688766,0.38770931489639543,0.941157639741462,-0.9321244800757349,0.7208278952231992,-0.7298020315593807,-0.8050429429600077,-0.18563858688077609,-1.1201186733266997,0.060396301764730695,1.7505176451750968,-0.7439032372093821,-0.34232480374272656,-1.0254674384567706,-0.10317377461252598,-0.833962964644508,-1.4154098589288007,-0.41269897724155813,0.31010548824461803,0.4027895194820378,0.30699367845981984,0.5562592209074722,0.269701765766879,-1.2645943006400255,0.13301816177629333,1.1741057344531054,0.8601048945004827,-1.2839082348474615,0.4145349492057473,-0.918506788483565,-0.7954418043458891,1.2299582543482386,-0.48910321192159234,0.1829702006447955,1.0152103320837431,0.2569097103168197
194,0.45711176789690683,0.4953004839855712,1.199698192390581,0.06702164972352498,-0.5608819924768012,-0.5466350736454247,-2.1655770943813213,-0.31027530235769185,0.2903943758397319,-1.1610024633306826,0.5748223496636151,0.35653428461033476,1.0139109034391742,0.7536080671959049,-0.3683193485275762,0.8921175765111474,-1.1868767244347118,-0.7646125883676793,0.5221338556690662,-1.7027843947755912,-0.11943269964410325,-0.5430915971666583,0.20766431350697237,-0.7101362882103661,0.9823702906160346,0.5776546193120278,0.9924512855483596,-0.11305741694685054,0.7036622681709316,-0.5902602269615259,0.2846919883514119,0.8245598577126829,-1.4186397725648958,0.2940768202878293,1.6064785180540917,-1.048895825669491,-0.04388873769893936,-1.5498331321150358,0.6263314871896921,-0.32648201470891314,-1.6526580716721444,-0.17856262819563565,0.966545286754283,0.6630631210046719,0.6373843412116829,0.5691240037566064,-0.6344524169646559,-1.0185486676578066,0.5903160653303664,0.8165582481243995,0.896832234520365,-1.6567818198785853,0.7181474694482797,-1.039693543536623,-0.10383313643527627,0.9324071606618463,-0.810245915282872,-0.4586503065442767,1.1904837469680873,0.0005593020035169552
195,0.3759249763896366,-0.7302771432813058,0.4596093753968774,-0.9704046344649236,-0.7835865760355352,-0.3901579702418877,-1.159907503212306,-0.5191900429540404,1.1098915768557984,-1.062222169327109,-0.2557747398727356,0.37296423159644604,0.786442353422469,1.5154751953510495,0.263198099272192,0.7288293899389051,-0.4934575551392479,-1.2894918974048557,0.5571475554432108,-1.3921536969839774,-0.9897653750141399,-0.22727226552289026,0.32673226452961623,-0.6686329901304912,1.4473386208014674,-0.7469073614213277,0.32323215290516993,0.7049520330801653,0.23369663539687568,0.12348526911083613,1.3182408339714313,1.1202981404094965,-1.0202887911360072,0.07075372079402428,1.6583460178247733,-0.8570218648912351,0.2231611834487318,-0.8905873502823327,0.554946666921715,-0.8486858687584948,-0.39793962371226843,0.1616920342333704,0.8701830724916501,0.4603019550826116,1.0170403709474496,1.1012270584380888,-0.9411429792761329,-1.0992746041859278,1.1054668922683009,0.454656395968782,-0.4684818109791938,-1.228391800869034,0.42098750951471403,0.05362368828965311,0.9635274418953048,0.6252312740409862,-0.29823252586062743,-0.67919929638884,0.3486084569664003,-0.9845874500992199
196,-0.49866444620429023,-1.2386551345253671,0.41095097485560317,-1.0803738053247798,-0.579503588178442,0.05361170618545387,-0.78683980839398,-0.08661665992452093,0.8165342632065984,-0.621297178338023,-0.45004309074228727,-0.6931971607476202,1.151783587743713,0.4244223302647914,0.06296003010428564,0.4675015007745435,-0.30166687531549424,-1.368447146083385,0.7832103037554312,0.08358993218183416,-1.2340678923043862,0.26099522998803176,0.8848516211924873,-0.299709998856595,1.4068189833218385,-1.1275957737546578,-1.2132140107688023,1.2261206566768033,-0.7411660192669933,0.5832384391174338,-0.44142538277896687,0.08192980481580778,-0.05336834371658772,-0.3688587027881245,1.3107914231725348,-0.7480488965676404,0.1983337961084635,0.1059828155294748,0.3881870617324634,-0.4812328580869303,0.1249422316299626,0.4068520735259441,1.2053488379420556,0.888771815458615,-0.05807088607631783,0.7771569640566429,-1.8471477816169248,-0.40108350832946926,1.6570912361860533,0.29149286511045197,-0.49546700531595644,-0.7048562750505056,-0.3463009045961897,0.7622097900745031,1.1043116534746784,0.7520249911102532,-0.8482577047856317,-0.4909620986014111,0.3334953301145194,-1.0871682851710198
197,-0.5870993674548645,-0.369453966726882,-0.049451364927468336,-1.7056886887366545,0.48523632843539827,0.5970360864409396,-0.6357971844871844,0.1103923654546945,0.11872552841334535,0.40419651586492905,-0.4043351109924133,-0.2600137598545996,1.1105935917896381,-0.7968224909560635,0.9102797105479236,0.3942551571148231,1.040127761913849,-0.9132993148582761,1.0486496348403114,1.1667362610038938,0.0864244434674874,0.6766671414309207,1.029427895784204,0.5573292820803171,0.7406345238636939,-1.19894300302069,-1.2236765156808747,0.84251360321383,-0.7246130595432364,1.0238659677699062,-1.0490287089122923,-1.1402971339275865,0.3834587725664895,-1.1278716913831754,0.7987307168343352,-0.4066228176956207,0.49431430640536567,0.8144980218072192,1.0960983761799017,0.03760864871668519,0.8883752736174021,1.105738070540962,0.1779323628931982,0.4214920263253694,-0.2612782866287661,1.7125461868274352,-1.4792365983200209,-0.15020317158074226,1.1724847152806548,-0.014594888425694896,-0.5635535462626425,-0.27440612147288157,-0.9574632514741683,1.1164419311717841,0.3567645853051388,0.4695062012636504,-0.45575377020168567,-0.3584053996436029,-0.05550801291324761,-0.9223064582732076
198,-0.7358716772947493,0.5418472721082668,-0.2788312625981538,-0.8550595359642956,1.1024545911542083,1.0735930759973544,0.23012374987821868,0.6485001919382917,-0.9905681751894315,0.6429855711196764,0.31242076666684404,-0.8276049829117628,1.6838632917317042,-0.9184187953368759,1.3209239027172115,0.948896429783497,0.8133420616728286,-0.2521893740227129,0.6484046527704306,-0.44999020769327613,1.0394096906634926,1.050678632994088,0.5148582065828851,0.17883410297401514,-0.20201978453614292,-0.9213986706407544,0.2048887509340968,-0.8934374664233029,-1.2604796469025945,1.1413680055762665,-1.0888240846266184,-1.4971603302498333,0.625965002059688,-0.4863069568624312,-0.5006358150385728,0.3322458114014393,0.7365277721767727,1.1811577648409142,1.2970676521448012,1.0420853063465518,1.323820199505449,0.35134454626676215,-0.843699548381136,0.5416606926756551,-0.526613729478981,1.656504650580146,-1.5711993430143767,-0.3566206262983487,0.5703938919434165,-0.7534216624132806,0.47116511804838657,0.9170770897406049,-0.5344250901873631,1.3166140503088861,-0.8789596622203533,0.5756760592283663,-0.07468689104663591,0.26897819432026737,-0.5510069318499032,-0.32686932074293196
199,-0.9229812661512984,0.6344585404496684,0.11953343584406911,0.1316734853441291,1.3477145849093706,1.9678064976629317,0.834084066127366,-0.12302856394349304,-1.3579325357260679,0.8485924522065418,0.6390496502389069,-0.9452378428363947,1.955762101403943,-1.5561014649724696,1.2000898317681346,0.20569156822473156,1.2687201861567279,0.013505116150786589,-0.31272054453740034,-1.2680036595516766,0.69356412536121,0.9677372208433771,0.2458489306999851,0.4496264174790706,-0.7825107559059105,-0.3049208496367625,1.1185100811681816,-1.330171867348449,-0.7992755363665471,-0.04502359166564171,-0.13166899292387857,-1.1768065892891826,0.5333417753714843,0.4364498278516082,-0.37979547699390154,1.2750402066071738,0.5499454870980296,0.8429681166336236,1.309544475305796,0.503263268419105,-0.043920497022702745,1.0549332482260567,-1.0123620228098362,0.12860766769231183,-0.19139305946091345,1.6596509670626542,-0.7039988248283846,0.5256366996303895,-0.42151890153127003,-0.9759650170239232,1.141028703309405,1.3837723614699893,-0.2799142222924359,1.2447431082923113,-1.4665952136309428,0.4361239500506371,0.278996095620945,0.49147213434232184,-0.6065974203016017,0.6371055778348991
